,time,BTC-USD,MA
2025-06-16 00:03:36,-0.003344393004115226,105564.1653,105564.1653
2025-06-16 01:03:09,-0.002884902263374486,105424.1992,105424.1992
2025-06-16 02:02:38,-0.002425925925925926,105795.6185,105795.6185
2025-06-16 03:03:39,-0.0019551183127572017,105822.8704,105822.8704
2025-06-16 04:03:35,-0.0014926697530864197,105909.2122,105909.2122
2025-06-16 05:03:34,-0.0010298353909465022,106256.9288,106256.9288
2025-06-16 06:03:36,-0.0005666152263374486,106568.3578,106568.3578
2025-06-16 07:03:37,-0.00010352366255144032,106640.6751,106640.6751
2025-06-16 08:03:16,0.00035673868312757203,107058.9863,107058.9863
2025-06-16 09:03:40,0.0008227880658436214,107167.6694,107167.6694
2025-06-16 10:03:53,0.0012874228395061728,106937.2121,106937.2121
2025-06-16 11:03:46,0.0017494855967078188,106809.2521,106809.2521
2025-06-16 12:03:13,0.002208204732510288,106864.1529,106864.1529
2025-06-16 13:03:53,0.002676311728395062,106755.9014,106755.9014
2025-06-16 14:03:08,0.0031334876543209875,107031.5269,107031.5269
2025-06-16 15:00:08,0.0035733024691358027,107665.8632,107665.8632
2025-06-16 16:03:22,0.004061213991769548,107526.8823,107526.8823
2025-06-16 17:00:54,0.004505144032921811,107815.7699,107815.7699
2025-06-16 18:03:49,0.004990612139917696,107766.254,107766.254
2025-06-16 19:03:44,0.005452932098765432,108108.3151,106774.49064499998
2025-06-16 20:03:24,0.00591332304526749,108570.2709,106924.79592500001
2025-06-16 21:03:46,0.006379115226337448,108771.3871,107092.15531999999
2025-06-16 22:03:28,0.006839763374485597,108560.4429,107230.39654000002
2025-06-16 23:03:07,0.007300025720164609,107711.8002,107324.84303000002
2025-06-17 00:03:44,0.007767746913580247,106842.1227,107371.488555
2025-06-17 01:03:20,0.008227623456790123,107146.5062,107415.967425
2025-06-17 02:03:09,0.008689171810699588,107240.0796,107449.55351499999
2025-06-17 03:03:26,0.009154320987654322,107155.0115,107475.27033500001
2025-06-17 04:03:12,0.00961548353909465,107596.2406,107502.13304999999
2025-06-17 05:03:31,0.010080889917695473,107382.3987,107512.869515
2025-06-17 06:03:28,0.0105434670781893,107133.1404,107522.66592999999
2025-06-17 07:03:42,0.011008230452674897,106850.0397,107524.70530999999
2025-06-17 08:00:33,0.011446887860082305,106772.7028,107520.13280500002
2025-06-17 09:03:48,0.011934927983539095,106574.4403,107511.05974999999
2025-06-17 10:13:33,0.012473122427983539,106168.6558,107467.91619500001
2025-06-17 11:03:37,0.012859439300411522,105917.656,107380.505835
2025-06-17 12:03:41,0.013322916666666667,105599.0423,107284.113835
2025-06-17 13:01:03,0.013765560699588477,105570.369,107171.84379
2025-06-17 14:02:06,0.014236625514403292,105381.3674,107052.59946000001
2025-06-17 15:03:36,0.014711162551440329,104968.4129,106895.60435
2025-06-17 16:03:28,0.01517309670781893,104297.6135,106681.97148
2025-06-17 17:03:48,0.015638631687242797,103645.2654,106425.66539499999
2025-06-17 18:03:45,0.016101208847736626,103877.2191,106191.504205
2025-06-17 19:02:36,0.016555298353909464,104344.1386,106023.12112500002
2025-06-17 20:03:35,0.0170258487654321,104912.041,105926.61704
2025-06-17 21:03:39,0.017489326131687244,104455.9294,105792.0882
2025-06-17 22:03:17,0.01794945987654321,104578.8186,105659.02515
2025-06-17 23:03:32,0.018414351851851852,104416.6416,105522.10665500001
2025-06-18 00:02:11,0.018866898148148147,104582.9573,105371.44249
2025-06-18 01:03:40,0.01934130658436214,104798.2039,105242.23275
2025-06-18 02:02:19,0.019793852880658436,104773.1483,105124.23314499999
2025-06-18 03:03:30,0.020265946502057614,104924.8608,105027.97420000001
2025-06-18 04:03:18,0.02072736625514403,105183.3456,104948.50634
2025-06-18 05:02:35,0.02118479938271605,105435.2467,104891.54665999999
2025-06-18 06:03:21,0.021653677983539094,105449.9186,104855.6098
2025-06-18 07:03:22,0.022116769547325103,105023.0722,104810.88061
2025-06-18 08:00:57,0.022561085390946502,104951.9147,104778.52423000001
2025-06-18 09:03:24,0.02304295267489712,104948.753,104747.44343
2025-06-18 10:01:03,0.0234877829218107,104718.0611,104714.27811500001
2025-06-18 11:03:18,0.023968106995884773,104313.9776,104681.55635
2025-06-18 12:03:26,0.0244320987654321,104771.9255,104705.27195
2025-06-18 13:03:41,0.02489699074074074,104505.6132,104748.28934
2025-06-18 14:01:23,0.025342206790123455,104306.105,104769.733635
2025-06-18 15:03:21,0.025820344650205763,104643.5138,104784.702395
2025-06-18 16:03:42,0.026286008230452674,104829.8347,104780.59208
2025-06-18 17:03:30,0.026747427983539095,104454.0799,104780.49960499999
2025-06-18 18:03:30,0.027210390946502058,104438.3966,104773.478505
2025-06-18 19:00:22,0.02764917695473251,104166.9722,104760.995035
2025-06-18 20:03:43,0.02813798868312757,103970.1304,104730.35368999999
2025-06-18 21:03:32,0.028599537037037038,104848.5707,104732.87203
2025-06-18 22:03:27,0.029061856995884774,105057.001,104747.064665
2025-06-18 23:03:21,0.029524048353909465,104927.5447,104747.19886
2025-06-19 00:03:29,0.02998804012345679,104820.2945,104729.046305
2025-06-19 01:03:31,0.030451260288065843,105025.8485,104708.576395
2025-06-19 02:01:40,0.030899948559670782,104613.724,104666.76666499999
2025-06-19 03:00:54,0.03135699588477366,104892.031,104660.21460500002
2025-06-19 04:03:17,0.0318383487654321,105074.9655,104666.367145
2025-06-19 05:03:23,0.032302083333333335,105043.0062,104671.079805
2025-06-19 06:03:33,0.032766332304526746,104943.4896,104682.35123
2025-06-19 07:03:27,0.03322852366255144,104727.5535,104703.03002500001
2025-06-19 08:03:22,0.03369084362139918,104670.2895,104697.948225
2025-06-19 09:03:44,0.03415663580246914,104796.7044,104712.50278499999
2025-06-19 10:01:21,0.034601208847736625,104990.1447,104746.70477
2025-06-19 11:03:37,0.03508166152263374,104929.0301,104760.980585
2025-06-19 12:03:39,0.0355448816872428,104802.1549,104759.59659500001
2025-06-19 13:03:52,0.03600951646090535,104762.3767,104775.01143500001
2025-06-19 14:03:28,0.036469393004115225,104320.4352,104769.113365
2025-06-19 15:04:03,0.036936856995884775,104178.3348,104769.681495
2025-06-19 16:03:27,0.037395190329218106,104143.0939,104778.32967
2025-06-19 17:02:54,0.037853909465020576,104021.4855,104736.97541
2025-06-19 18:03:43,0.03832317386831276,104636.9215,104715.97143499998
2025-06-19 19:03:22,0.038783436213991766,104347.751,104686.98175
2025-06-19 20:03:41,0.03924884259259259,104265.3663,104659.23534
2025-06-19 21:03:33,0.039710776748971194,104303.8316,104623.134495
2025-06-19 22:03:36,0.04017412551440329,104399.3865,104612.41762
2025-06-19 23:03:39,0.04063747427983539,104639.2047,104599.77630499999
2025-06-20 00:03:34,0.04109979423868313,104682.8766,104580.17186
2025-06-20 01:03:43,0.041563914609053496,104715.3729,104563.790195
2025-06-20 02:03:30,0.042025205761316874,104770.991,104555.165265
2025-06-20 03:03:29,0.04248804012345679,104613.1153,104549.44335500001
2025-06-20 04:03:22,0.04295010288065844,104615.9254,104546.72515
2025-06-20 05:03:09,0.04341139403292181,104275.1717,104520.648515
2025-06-20 06:03:14,0.043875,104599.9811,104501.14033499999
2025-06-20 07:03:10,0.04433744855967078,104709.6276,104490.17021
2025-06-20 08:03:19,0.044801568930041155,105731.1771,104536.62132
2025-06-20 09:02:57,0.04526170267489712,106036.3758,104600.321275
2025-06-20 10:03:09,0.04572620884773663,105977.3672,104683.167875
2025-06-20 11:03:05,0.04618865740740741,105968.2763,104772.66494999999
2025-06-20 12:02:56,0.04665046296296296,106002.7315,104865.64683000001
2025-06-20 13:02:55,0.04711329732510288,105996.2156,104964.38333499999
2025-06-20 14:02:37,0.04757394547325103,105634.2366,105014.24909000001
2025-06-20 15:03:29,0.04804359567901235,104426.3756,105018.18032
2025-06-20 16:01:04,0.04848791152263374,104260.7942,105017.951715
2025-06-20 17:03:22,0.04896862139917695,103732.5774,104989.389005
2025-06-20 18:03:26,0.0494320987654321,103055.6194,104922.20065000001
2025-06-20 19:03:31,0.04989570473251029,103204.7962,104850.48022499999
2025-06-20 20:03:39,0.05035969650205761,103347.1984,104783.696315
2025-06-20 21:03:34,0.05082201646090535,103703.4037,104733.097855
2025-06-20 22:00:14,0.05125925925925926,103508.9753,104669.99707
2025-06-20 23:01:33,0.0517323816872428,103098.71,104594.276805
2025-06-21 00:02:43,0.05220434670781893,103291.807,104528.070885
2025-06-21 01:03:26,0.05267283950617284,103259.9073,104477.307665
2025-06-21 02:03:10,0.05313374485596708,103485.7275,104421.594985
2025-06-21 03:00:13,0.053573945473251026,103495.7621,104360.90171
2025-06-21 04:03:14,0.05406018518518518,103559.9718,104252.341445
2025-06-21 05:03:32,0.05452546296296296,103383.9423,104119.71977
2025-06-21 06:00:59,0.05496875,103429.2923,103992.31602500001
2025-06-21 07:02:42,0.055444958847736626,103581.0701,103872.955715
2025-06-21 08:03:16,0.05591229423868313,103471.4416,103746.39122
2025-06-21 09:03:39,0.05637821502057613,103738.0421,103633.482545
2025-06-21 10:02:54,0.05683539094650206,103880.8082,103545.811125
2025-06-21 11:02:34,0.05729578189300411,103839.2211,103516.4534
2025-06-21 12:03:45,0.057767875514403294,103900.884,103498.45789
2025-06-21 13:03:14,0.05822685185185185,103811.5123,103502.404635
2025-06-21 14:03:25,0.05869122942386831,103612.1583,103530.23157999999
2025-06-21 15:03:40,0.059156121399176954,103582.0305,103549.093295
2025-06-21 16:03:04,0.059614454732510286,103525.2069,103557.99372
2025-06-21 17:02:35,0.06007368827160494,103505.424,103548.094735
2025-06-21 18:03:30,0.06054372427983539,103232.3904,103534.26548999999
2025-06-21 19:03:26,0.06100617283950617,102871.2869,103522.894335
2025-06-21 20:03:32,0.06146990740740741,102380.0269,103477.30533
2025-06-21 21:03:36,0.06193338477366255,102857.804,103457.200165
2025-06-21 22:03:26,0.06239506172839506,101588.3143,103362.329505
2025-06-21 23:03:41,0.0628599537037037,101824.5411,103278.768455
2025-06-22 00:03:24,0.0633207304526749,102092.1295,103205.37634
2025-06-22 01:03:19,0.06378305041152263,102949.0907,103183.63376
2025-06-22 02:03:25,0.06424678497942386,102511.706,103137.754445
2025-06-22 03:03:33,0.06471077674897119,102372.1165,103077.306765
2025-06-22 04:03:25,0.06517271090534979,102328.9343,103020.1814
2025-06-22 05:03:29,0.06563618827160494,102598.1943,102963.18901
2025-06-22 06:03:24,0.06609850823045267,102751.2194,102906.70956999999
2025-06-22 07:03:39,0.06656340020576132,102750.9896,102852.297995
2025-06-22 08:03:15,0.0670232767489712,102431.3058,102778.819085
2025-06-22 09:03:11,0.06748572530864197,102653.0572,102720.89633
2025-06-22 10:03:32,0.0679513888888889,102236.8803,102652.13243000001
2025-06-22 11:03:24,0.0684133230452675,102498.5034,102597.956075
2025-06-22 12:03:10,0.06887448559670782,102732.2324,102558.30734999999
2025-06-22 13:03:30,0.06934002057613169,102737.3966,102519.90598000001
2025-06-22 14:03:37,0.06980388374485597,100818.3535,102399.204135
2025-06-22 15:03:38,0.07026697530864197,99561.7835,102233.72896499999
2025-06-22 16:03:15,0.07072698045267489,99161.144,102072.78482
2025-06-22 17:03:44,0.07119367283950617,99518.5079,101905.82001499999
2025-06-22 18:03:40,0.07165612139917696,99589.666,101805.8876
2025-06-22 19:03:29,0.07211766975308642,99547.1183,101692.01646
2025-06-22 20:01:42,0.07256687242798354,98974.6696,101536.143465
2025-06-22 21:03:25,0.07304308127572016,99514.84,101364.43093
2025-06-22 22:03:44,0.07350848765432098,99281.8632,101202.93879000001
2025-06-22 23:01:05,0.07395100308641975,100744.7964,101121.572785
2025-06-23 00:03:24,0.074431841563786,100904.1571,101050.333925
2025-06-23 01:03:32,0.07489583333333333,101095.5755,100975.202985
2025-06-23 02:03:38,0.07535956790123456,101100.3732,100892.660675
2025-06-23 03:03:39,0.07582265946502058,101285.226,100819.37249499999
2025-06-23 04:01:16,0.07626723251028807,101156.7901,100755.64671
2025-06-23 05:03:35,0.07674807098765432,101211.9157,100683.58963500001
2025-06-23 06:03:47,0.07721257716049383,101716.499,100657.57057
2025-06-23 07:03:35,0.07767399691358025,101833.1484,100624.30282
2025-06-23 08:03:18,0.07813477366255143,101954.5587,100585.419135
2025-06-23 09:03:42,0.07860082304526748,101885.8593,100542.84227
2025-06-23 10:03:22,0.07906121399176955,101559.3441,100579.8918
2025-06-23 11:05:17,0.07953896604938272,101516.1709,100677.61117
2025-06-23 12:03:35,0.07998881172839506,101326.1438,100785.86116
2025-06-23 13:03:30,0.0804511316872428,101545.9156,100887.231545
2025-06-23 14:03:04,0.08091075102880659,102259.3483,101020.71566
2025-06-23 15:03:40,0.08137834362139917,101714.8337,101129.10143
2025-06-23 16:03:30,0.08184002057613168,101484.6874,101254.60232
2025-06-23 17:03:30,0.08230298353909465,100545.6108,101306.14086
2025-06-23 18:03:35,0.08276658950617284,102384.7524,101461.28532
2025-06-23 19:03:22,0.08322788065843621,103056.5445,101576.872725
2025-06-23 20:03:32,0.08369212962962963,103124.5439,101687.892065
2025-06-23 21:00:32,0.08413194444444444,103770.1756,101821.62207000001
2025-06-23 22:03:22,0.0846167695473251,103749.8712,101954.09697
2025-06-23 23:03:24,0.08507998971193416,105508.5415,102165.262745
2025-06-24 00:03:36,0.08554449588477367,105471.025,102380.97449
2025-06-24 01:00:42,0.08598508230452676,105131.4013,102576.94876999999
2025-06-24 02:03:09,0.08646694958847737,105322.832,102757.26542
2025-06-24 03:03:31,0.08693274176954732,104921.9032,102911.70316
2025-06-24 04:03:24,0.08739480452674897,105013.0716,103064.628805
2025-06-24 05:03:09,0.08785583847736625,104919.663,103216.31899
2025-06-24 06:03:25,0.08832085905349794,105447.1127,103410.70742
2025-06-24 07:03:36,0.08878523662551441,105730.0519,103621.40147
2025-06-24 08:07:38,0.08927932098765431,105065.9574,103808.39215
2025-06-24 09:03:20,0.08970910493827161,105046.6374,103983.42824000001
2025-06-24 10:03:20,0.09017206790123457,105265.8658,104133.75411499999
2025-06-24 11:02:47,0.09063078703703703,105341.5301,104315.088935
2025-06-24 12:03:31,0.09109940843621399,105241.2482,104502.916975
2025-06-24 13:00:49,0.09154153806584363,105188.841,104735.07848499999
2025-06-24 14:03:24,0.0920244341563786,105072.0078,104869.441255
2025-06-24 15:01:38,0.09247376543209876,105525.6721,104992.89763500002
2025-06-24 16:03:41,0.09295254629629629,105331.189,105103.22989
2025-06-24 17:03:06,0.09341100823045267,106041.8191,105216.81206499999
2025-06-24 18:03:39,0.09387821502057613,106083.5013,105333.49357
2025-06-24 19:03:26,0.09433950617283951,105673.1203,105341.72250999999
2025-06-24 20:03:42,0.09480452674897119,105477.733,105342.05791
2025-06-24 21:03:52,0.09526877572016461,106091.8571,105390.0807
2025-06-24 22:03:46,0.0957309670781893,106034.2182,105425.65001000001
2025-06-24 23:03:23,0.09619097222222223,106028.4558,105480.97764000001
2025-06-25 00:03:27,0.09665444958847737,106035.7103,105532.10957500001
2025-06-25 01:03:29,0.09711766975308642,106341.1666,105603.18475500001
2025-06-25 02:03:46,0.09758281893004116,106402.4757,105650.952905
2025-06-25 03:01:23,0.09802739197530864,106564.2183,105692.661225
2025-06-25 04:02:42,0.09850051440329217,106312.5209,105754.98939999999
2025-06-25 05:02:55,0.09896514917695473,106210.7029,105813.19267500001
2025-06-25 06:03:25,0.09943197016460906,106324.793,105866.139035
2025-06-25 07:02:57,0.09989133230452675,106462.6991,105922.19748499998
2025-06-25 08:00:05,0.10033217592592593,106671.6643,105993.71828999999
2025-06-25 09:03:13,0.1008193158436214,106523.9013,106060.47130499998
2025-06-25 10:03:28,0.10128420781893004,106671.1614,106140.428985
2025-06-25 11:01:36,0.10173276748971194,107084.7826,106218.38451
2025-06-25 12:03:22,0.1022093621399177,107219.1809,106312.784105
2025-06-25 13:03:17,0.10267168209876543,107236.7859,106372.53244499999
2025-06-25 14:03:46,0.1031383744855967,107984.7667,106467.59571499999
2025-06-25 15:01:01,0.10358011831275721,107752.8523,106571.582315
2025-06-25 16:03:27,0.10406185699588477,107100.0008,106652.695705
2025-06-25 17:03:49,0.10452764917695473,107131.7404,106704.68987
2025-06-25 18:03:36,0.10498894032921811,107345.8319,106770.27055500001
2025-06-25 19:03:30,0.1054511316872428,107452.9391,106841.49472
2025-06-25 20:03:33,0.1059144804526749,107723.172,106925.867805
2025-06-25 21:02:05,0.10636612654320987,107822.5872,106999.938835
2025-06-25 22:05:05,0.10685223765432099,107519.2317,107055.77663499999
2025-06-25 23:03:34,0.10730349794238683,107338.5282,107094.49213
2025-06-26 00:03:21,0.1077647890946502,107238.5305,107140.79261
2025-06-26 01:03:14,0.10822685185185185,107400.6096,107200.28794500002
2025-06-26 02:02:33,0.10868454218106996,107675.7396,107267.835275
2025-06-26 03:03:48,0.10915715020576132,107961.9084,107342.79574
2025-06-26 04:03:34,0.10961831275720164,107902.0986,107404.31745500001
2025-06-26 05:03:20,0.11007947530864197,107858.3688,107471.04083
2025-06-26 06:03:41,0.1105451388888889,107636.5481,107519.310165
2025-06-26 07:03:06,0.11100360082304526,107797.0595,107554.92401
2025-06-26 08:03:20,0.11146836419753087,107896.7401,107588.80196999999
2025-06-26 09:03:28,0.11193235596707819,107806.5872,107617.292035
2025-06-26 10:00:17,0.11237075617283951,107387.9651,107587.45195500001
2025-06-26 11:03:34,0.11285905349794238,107413.2232,107570.47049999998
2025-06-26 12:03:35,0.1133221450617284,107353.1595,107583.12843499999
2025-06-26 13:03:32,0.11378472222222222,107198.8751,107586.48517
2025-06-26 14:03:32,0.11424768518518519,106965.0955,107567.44835
2025-06-26 15:03:33,0.11471077674897119,107548.8849,107572.24564000001
2025-06-26 16:03:15,0.11517142489711935,107247.0374,107548.43891
2025-06-26 17:04:10,0.1156414609053498,107192.5805,107516.938575
2025-06-26 18:03:05,0.11609606481481481,107269.6692,107504.46045000001
2025-06-26 19:03:39,0.11656340020576132,107400.9601,107507.582045
2025-06-26 20:03:48,0.1170275205761317,107572.2462,107524.26783
2025-06-26 21:01:50,0.1174753086419753,107791.9973,107543.83721499999
2025-06-26 22:03:45,0.11795306069958848,107038.5761,107511.97904
2025-06-26 23:03:41,0.11841550925925926,107027.6883,107465.268035
2025-06-27 00:03:12,0.11887474279835392,106977.318,107419.02900499999
2025-06-27 01:03:46,0.11934207818930041,106757.791,107364.00011499999
2025-06-27 02:03:42,0.1198045267489712,107151.5307,107339.749245
2025-06-27 03:03:44,0.12026774691358025,107312.052,107315.49887000001
2025-06-27 04:03:08,0.12072608024691359,107537.1629,107297.52001000001
2025-06-27 05:03:20,0.12119058641975308,107558.9664,107285.13897
2025-06-27 06:03:31,0.12165496399176955,107383.6028,107284.92085499999
2025-06-27 07:03:44,0.1221195987654321,107371.2645,107282.82291999999
2025-06-27 08:01:32,0.12256558641975308,106952.2534,107262.777615
2025-06-27 09:03:47,0.12304591049382715,107027.1269,107254.19020500002
2025-06-27 10:03:57,0.12351015946502057,107130.3069,107262.450775
2025-06-27 11:03:22,0.12396862139917696,107049.1762,107237.46534
2025-06-27 12:03:46,0.124434670781893,107003.1032,107225.26862999999
2025-06-27 13:03:39,0.12489673353909465,106741.8758,107202.73339499999
2025-06-27 14:03:19,0.12535712448559672,106767.2642,107177.613145
2025-06-27 15:03:37,0.1258224022633745,106556.4445,107135.387365
2025-06-27 16:00:41,0.12626273148148148,107366.6072,107125.105415
2025-06-27 17:03:28,0.12674717078189301,107495.8067,107110.295885
2025-06-27 18:03:27,0.1272100051440329,106841.5921,107100.446685
2025-06-27 19:03:50,0.12767592592592591,106679.0976,107083.01715
2025-06-27 20:03:47,0.12813850308641975,106949.5209,107081.62729499998
2025-06-27 21:03:49,0.1286017232510288,107135.8726,107100.53137499999
2025-06-27 22:03:49,0.12906468621399178,107149.3871,107100.424195
2025-06-27 23:03:48,0.12952752057613168,107156.1857,107092.63088
2025-06-28 00:03:50,0.12999074074074074,107085.4018,107070.04282499998
2025-06-28 01:03:41,0.1304525462962963,107152.7145,107049.73022999999
2025-06-28 02:03:44,0.1309158950617284,107117.367,107036.41844
2025-06-28 03:03:24,0.13137628600823045,107150.9524,107025.402835
2025-06-28 04:05:12,0.1318531378600823,107331.2925,107044.35479000001
2025-06-28 05:01:37,0.13228845164609054,107229.3822,107054.46755500001
2025-06-28 06:03:41,0.13276736111111112,107320.7653,107063.990475
2025-06-28 07:00:18,0.1332042181069959,107453.4214,107084.20273499998
2025-06-28 08:03:46,0.13369393004115226,107495.453,107108.82022499999
2025-06-28 09:03:40,0.13415612139917696,107401.2705,107141.78996
2025-06-28 10:03:43,0.13461947016460904,107336.0372,107170.22860999999
2025-06-28 11:03:44,0.13508256172839506,107295.3523,107207.174
2025-06-28 12:03:50,0.1355462962962963,107375.7434,107207.63081
2025-06-28 13:03:06,0.13600360082304527,107372.5937,107201.47016
2025-06-28 14:03:16,0.13646784979423868,107140.567,107216.418905
2025-06-28 15:00:47,0.1369116512345679,107232.8945,107244.10874999998
2025-06-28 16:00:41,0.13737384259259258,107409.535,107267.109455
2025-06-28 17:03:44,0.13786033950617285,107323.8357,107276.50761
2025-06-28 18:03:46,0.1383235596707819,107502.1442,107294.145465
2025-06-28 19:03:40,0.13878575102880658,107337.6971,107303.22103500001
2025-06-28 20:00:38,0.1392253086419753,107283.9126,107313.14657499999
2025-06-28 21:03:34,0.13971090534979425,107229.7594,107316.99882000001
2025-06-28 22:02:10,0.1401630658436214,107339.0378,107328.08236
2025-06-28 23:03:49,0.14063876028806585,107390.1301,107340.041245
2025-06-29 00:03:19,0.14109786522633744,107332.7847,107340.11585500001
2025-06-29 01:03:46,0.14156430041152263,107508.2941,107354.06145
2025-06-29 02:03:31,0.1420253343621399,107353.2015,107355.68326
2025-06-29 03:03:31,0.14248829732510288,107331.5816,107349.59127
2025-06-29 04:03:47,0.14295331790123456,107238.9662,107336.76693
2025-06-29 05:03:38,0.1434151234567901,107292.1825,107331.31253
2025-06-29 06:03:39,0.14387821502057613,107332.0447,107331.11290499999
2025-06-29 07:02:57,0.1443357767489712,107388.2789,107335.759235
2025-06-29 08:03:37,0.14480388374485598,107383.5799,107336.15105999999
2025-06-29 09:03:45,0.1452678755144033,107709.8415,107353.01345
2025-06-29 10:03:09,0.14572620884773663,107944.3712,107393.20366
2025-06-29 11:03:37,0.14619277263374486,108172.1909,107440.16848
2025-06-29 12:03:45,0.14665676440329217,108430.8827,107491.23586500001
2025-06-29 13:03:42,0.147119341563786,108180.0613,107534.047145
2025-06-29 14:03:29,0.14758063271604938,108087.0558,107563.29272499999
2025-06-29 15:00:23,0.14801967592592594,107917.6631,107592.291025
2025-06-29 16:03:27,0.14850630144032922,107786.0697,107617.39888
2025-06-29 17:01:10,0.148951646090535,107460.217,107628.92176000001
2025-06-29 18:00:32,0.14940972222222224,107501.5366,107637.04669999999
2025-06-29 19:03:53,0.14989853395061728,107663.7277,107650.72658000002
2025-06-29 20:03:50,0.1503611111111111,107457.441,107656.95939499998
2025-06-29 21:03:51,0.15082420267489713,107469.2717,107655.008275
2025-06-29 22:03:47,0.15128665123456791,107632.6367,107668.98003500002
2025-06-29 23:03:24,0.15174665637860082,108118.0475,107708.30333
2025-06-30 00:00:31,0.15218737139917696,108387.3331,107765.72167500001
2025-06-30 01:03:49,0.1526757973251029,108706.241,107836.4246
2025-06-30 02:00:59,0.15311689814814816,108578.1399,107898.72936
2025-06-30 03:02:05,0.1535883487654321,108531.4611,107955.88847
2025-06-30 04:03:48,0.15406455761316873,108551.5537,108014.28715999999
2025-06-30 05:03:37,0.1545261059670782,108422.5933,108049.92475
2025-06-30 06:03:41,0.15498958333333332,108285.486,108066.98049000002
2025-06-30 07:03:26,0.15545061728395063,107660.1349,108041.37769
2025-06-30 08:00:39,0.155892103909465,107665.5044,108003.10877500002
2025-06-30 09:03:45,0.15637898662551442,107531.9132,107970.70137
2025-06-30 10:03:47,0.15684220679012345,107521.1896,107942.40806
2025-06-30 11:02:08,0.15729243827160494,107630.5631,107928.05305999999
2025-06-30 12:00:43,0.15774447016460905,107739.5959,107925.72937
2025-06-30 13:03:39,0.158230066872428,107623.3399,107933.885515
2025-06-30 14:03:13,0.15868968621399177,107566.3079,107937.12408000001
2025-06-30 15:01:58,0.15914300411522633,107025.8923,107905.23230999999
2025-06-30 16:02:51,0.1596127829218107,107528.3883,107908.779675
2025-06-30 17:03:16,0.1600789609053498,107601.0893,107915.370555
2025-06-30 18:03:40,0.16054501028806584,107643.8864,107915.93304
2025-06-30 19:03:35,0.16100733024691358,107268.6982,107873.465575
2025-06-30 20:03:18,0.16146810699588476,107618.4864,107835.02324000001
2025-06-30 21:03:55,0.1619358281893004,107590.7442,107779.24840000001
2025-06-30 22:03:19,0.16239416152263375,107170.4305,107708.86293000002
2025-06-30 23:00:38,0.1628364197530864,107151.5485,107639.8673
2025-07-01 00:03:44,0.1633233024691358,107135.6257,107569.0709
2025-07-01 01:03:09,0.16378176440329217,107385.5953,107517.22099999999
2025-07-01 02:03:12,0.16424511316872428,107258.789,107465.88614999999
2025-07-01 03:03:34,0.16471090534979424,107143.7868,107440.06874500001
2025-07-01 04:03:29,0.16517322530864198,107188.4848,107416.217765
2025-07-01 05:03:01,0.16563258744855966,106952.8053,107387.26236999998
2025-07-01 06:03:24,0.16609850823045266,106947.6953,107358.587655
2025-07-01 07:03:23,0.1665613425925926,106911.9922,107322.65911000001
2025-07-01 08:03:12,0.16702289094650205,107139.4087,107292.64975000001
2025-07-01 09:05:39,0.1675047582304527,106726.9188,107247.828695
2025-07-01 10:01:10,0.16793312757201645,106559.7434,107197.50047000001
2025-07-01 11:00:09,0.16838824588477366,106410.398,107166.72575499999
2025-07-01 12:03:27,0.1688766718106996,106565.4062,107118.57664999999
2025-07-01 13:03:18,0.16933847736625515,106471.6529,107062.10483000001
2025-07-01 14:03:29,0.1698028549382716,106830.2779,107021.42440499998
2025-07-01 15:03:19,0.1702645318930041,105922.4479,106954.11188999999
2025-07-01 16:01:00,0.17070961934156378,105993.5533,106872.865235
2025-07-01 17:03:43,0.17119354423868313,106118.5425,106799.25515000001
2025-07-01 18:03:40,0.17165612139917696,106274.384,106754.452825
2025-07-01 19:03:44,0.1721195987654321,105781.2691,106685.938855
2025-07-01 20:03:47,0.1725829475308642,105558.1795,106607.066545
2025-07-01 21:01:21,0.17302713477366255,105906.8115,106533.127355
2025-07-01 22:03:03,0.17350321502057614,105799.5389,106460.16484999999
2025-07-01 23:04:35,0.17397800925925927,105729.3034,106389.44068
2025-07-02 00:03:40,0.17443389917695473,105671.3756,106313.58521999998
2025-07-02 01:03:34,0.17489609053497943,105430.0699,106237.44845
2025-07-02 02:03:44,0.17536033950617283,105713.6247,106175.74492
2025-07-02 03:03:27,0.17582111625514404,105874.8885,106123.889735
2025-07-02 04:03:36,0.1762852366255144,106192.6191,106076.55025500001
2025-07-02 05:03:33,0.17674781378600823,106361.8273,106058.29568000001
2025-07-02 06:03:35,0.1772110339506173,106637.6719,106062.192105
2025-07-02 07:03:44,0.17767515432098765,107011.0965,106092.22703
2025-07-02 08:03:17,0.1781346450617284,107154.9396,106121.7037
2025-07-02 09:02:37,0.17859246399176953,107723.8672,106184.314415
2025-07-02 10:04:06,0.17906687242798353,107660.5961,106225.83032499999
2025-07-02 11:00:33,0.17950244341563787,107804.125,106319.91417999999
2025-07-02 12:08:18,0.18002520576131686,107491.8889,106394.83096
2025-07-02 13:03:53,0.18045408950617284,107379.0112,106457.85439499999
2025-07-02 14:04:02,0.18091820987654322,107768.9427,106532.58233
2025-07-02 15:03:58,0.18138065843621398,108049.64,106646.000875
2025-07-02 16:04:05,0.18184452160493828,108719.6104,106804.07242000001
2025-07-02 17:04:00,0.18230684156378602,109524.796,106984.971645
2025-07-02 18:04:16,0.1827718621399177,109130.5191,107151.520655
2025-07-02 19:01:32,0.18321373456790124,109512.1866,107340.664815
2025-07-02 20:03:39,0.18369302983539096,109608.3445,107537.51325999999
2025-07-02 21:02:06,0.1841440329218107,109245.4847,107728.28400000001
2025-07-02 22:03:52,0.18462062757201647,109498.2521,107917.51537
2025-07-02 23:03:49,0.18508320473251028,109172.6759,108082.40474
2025-07-03 00:03:57,0.18554719650205762,108876.3308,108216.590325
2025-07-03 01:03:24,0.1860059156378601,108967.9272,108346.89532000001
2025-07-03 02:03:30,0.1864696502057613,109057.6681,108467.89513
2025-07-03 03:03:59,0.1869363425925926,108725.1387,108553.59724
2025-07-03 04:04:07,0.18740033436213993,108708.783,108631.28941
2025-07-03 05:03:46,0.18786059670781893,108833.5558,108686.77384
2025-07-03 06:03:58,0.18832510288065843,109362.5759,108771.87283000001
2025-07-03 07:03:07,0.1887815072016461,109508.3741,108857.085285
2025-07-03 08:00:48,0.18922659465020575,109330.9752,108949.03959999999
2025-07-03 09:03:55,0.1897136059670782,109459.7003,109053.074055
2025-07-03 10:02:25,0.19016499485596708,110005.5091,109164.90237499999
2025-07-03 11:03:45,0.19063824588477365,109847.4169,109254.79122000001
2025-07-03 12:03:44,0.19110108024691358,109630.7358,109300.34749
2025-07-03 13:03:54,0.19156532921810698,109153.2981,109281.77259499999
2025-07-03 14:03:52,0.19202803497942386,110306.8913,109340.59120499999
2025-07-03 15:03:42,0.19248971193415637,109729.9936,109351.48155499999
2025-07-03 16:03:41,0.1929525462962963,109173.446,109329.73662999998
2025-07-03 17:03:57,0.19341756687242798,109389.2685,109336.92582
2025-07-03 18:04:10,0.19388220164609055,109585.3165,109341.27903999998
2025-07-03 19:03:33,0.1943404063786008,109666.1421,109365.95234999999
2025-07-03 20:00:49,0.19478227880658436,109824.377,109413.35466
2025-07-03 21:02:14,0.19525617283950616,109930.5346,109461.48503000001
2025-07-03 22:07:03,0.1957563014403292,109844.8997,109500.84660999998
2025-07-03 23:03:45,0.19619380144032922,109740.8804,109551.633695
2025-07-04 00:03:47,0.19665702160493828,109602.2048,109596.304785
2025-07-04 01:04:02,0.19712191358024692,109521.7326,109630.713625
2025-07-04 02:03:36,0.1975815329218107,109547.5441,109639.962035
2025-07-04 03:04:04,0.19804809670781892,109217.0131,109625.393985
2025-07-04 04:03:46,0.1985087448559671,109275.1747,109622.60396000001
2025-07-04 05:03:41,0.1989710648148148,109025.3637,109600.88713
2025-07-04 06:03:54,0.19943569958847737,109089.3321,109555.07828000002
2025-07-04 07:03:46,0.19989763374485597,109032.5104,109514.33295499999
2025-07-04 08:03:54,0.20036162551440329,108782.5828,109471.925305
2025-07-04 09:03:48,0.20082381687242798,108807.5545,109454.63812500001
2025-07-04 10:02:32,0.2012770061728395,108991.7151,109388.879315
2025-07-04 11:04:07,0.20175218621399177,108939.6908,109349.364175
2025-07-04 12:03:45,0.20221231995884772,108947.6092,109338.07233499999
2025-07-04 13:03:49,0.20267579732510288,108779.552,109307.58651000001
2025-07-04 14:03:34,0.20313683127572016,108080.142,109232.327785
2025-07-04 15:03:39,0.20360043724279836,107875.1208,109142.77672
2025-07-04 16:04:09,0.20406725823045269,107683.3779,109035.726765
2025-07-04 17:04:12,0.20453060699588477,107663.1913,108922.3596
2025-07-04 18:03:47,0.2049903549382716,107902.8511,108825.25717
2025-07-04 19:01:44,0.2054375,107587.3666,108717.58148000001
2025-07-04 20:03:57,0.205917566872428,107474.6218,108611.20233
2025-07-04 21:03:56,0.2063804012345679,107739.1946,108522.07543
2025-07-04 22:03:54,0.20684310699588476,107938.4549,108441.62097
2025-07-04 23:03:54,0.20730606995884773,108260.0474,108393.772685
2025-07-05 00:03:59,0.20776967592592593,108015.9192,108330.80991
2025-07-05 01:03:59,0.20823263888888888,108221.9894,108290.641195
2025-07-05 02:02:18,0.20868261316872427,107985.2424,108235.43671
2025-07-05 03:01:35,0.2091400462962963,108080.6928,108187.84583
2025-07-05 04:03:41,0.20961921296296296,108191.0195,108158.267665
2025-07-05 05:03:54,0.2100838477366255,108219.7754,108128.87871
2025-07-05 06:03:40,0.21054501028806585,108170.0458,108087.795245
2025-07-05 07:01:56,0.2109945987654321,108268.477,108054.234555
2025-07-05 08:03:26,0.21146913580246915,108043.8303,108009.04561
2025-07-05 09:01:27,0.21191679526748972,108026.8622,107971.41112000002
2025-07-05 10:03:53,0.21239853395061728,108099.4009,107972.37406500001
2025-07-05 11:03:39,0.2128596965020576,108159.8407,107986.61006
2025-07-05 12:03:49,0.21332394547325104,108174.6443,108011.17338000001
2025-07-05 13:03:40,0.2137857510288066,108158.506,108035.939115
2025-07-05 14:03:28,0.214247170781893,108144.8779,108048.04045500001
2025-07-05 15:03:51,0.214713091563786,108203.3907,108078.84166
2025-07-05 16:03:28,0.21517309670781892,108079.8732,108109.10422999998
2025-07-05 17:04:11,0.21564158950617285,108094.1211,108126.85055500001
2025-07-05 18:01:24,0.21608307613168723,108092.7936,108134.56749
2025-07-05 19:03:49,0.21656468621399177,108029.0013,108123.015185
2025-07-05 20:04:05,0.21702970679012346,108146.48,108129.543225
2025-07-05 21:03:25,0.2174875257201646,108114.2362,108124.155565
2025-07-05 22:03:36,0.21795190329218106,108106.8317,108130.23503000001
2025-07-05 23:03:50,0.21841666666666668,108207.5067,108136.575725
2025-07-06 00:03:57,0.21888052983539094,108216.0162,108137.82556
2025-07-06 01:02:05,0.21932908950617283,108221.0136,108137.88747
2025-07-06 02:03:15,0.21980105452674897,108188.9742,108138.83389000001
2025-07-06 03:03:52,0.22026877572016462,108135.7019,108132.195135
2025-07-06 04:03:47,0.22073109567901233,108062.4485,108133.126045
2025-07-06 05:00:45,0.22117065329218108,108009.1677,108132.24132
2025-07-06 06:03:32,0.22165509259259258,108023.5612,108128.44933499998
2025-07-06 07:01:53,0.22210532407407407,108153.6273,108128.138665
2025-07-06 08:01:12,0.22256301440329218,108066.6288,108122.73789000002
2025-07-06 09:03:43,0.22304539609053498,108018.4762,108115.73640000001
2025-07-06 10:00:50,0.2234861111111111,107924.3715,108104.71108000001
2025-07-06 11:02:09,0.22395923353909464,108014.1527,108095.24918
2025-07-06 12:03:51,0.22443531378600823,108079.7883,108095.244935
2025-07-06 13:03:43,0.22489724794238683,108226.7782,108101.87779000001
2025-07-06 14:04:04,0.22536291152263374,108852.2428,108139.85024999999
2025-07-06 15:00:49,0.2258007973251029,108881.0029,108182.45032999999
2025-07-06 16:03:42,0.22628600823045267,108842.0046,108217.22656000001
2025-07-06 17:04:11,0.22675270061728395,108873.2668,108255.17809000002
2025-07-06 18:03:54,0.22721347736625513,108922.672,108295.970105
2025-07-06 19:04:01,0.22767734053497943,108465.2096,108308.85525
2025-07-06 20:03:54,0.22813940329218108,108519.4883,108324.028855
2025-07-06 21:04:00,0.2286031378600823,108725.7507,108349.26570999999
2025-07-06 22:03:01,0.2290585133744856,109190.0781,108399.320905
2025-07-06 23:00:31,0.22950218621399177,109273.0168,108456.18665
2025-07-07 00:03:30,0.22998816872427982,109222.282,108514.17832500002
2025-07-07 01:03:53,0.23045408950617283,108884.8392,108557.9619
2025-07-07 02:03:49,0.2309165380658436,109040.0365,108608.785665
2025-07-07 03:03:39,0.23137821502057612,109391.4973,108670.67916500001
2025-07-07 04:08:26,0.23187808641975308,109426.4124,108738.66834500001
2025-07-07 05:03:34,0.23230349794238683,109141.4662,108794.817845
2025-07-07 06:02:27,0.23275784465020577,109060.6887,108851.633705
2025-07-07 07:01:38,0.2332145061728395,108794.7225,108890.66219500001
2025-07-07 08:03:33,0.23369225823045267,109055.9598,108939.47076999999
2025-07-07 09:03:38,0.23415586419753087,108998.5708,108978.0604
2025-07-07 10:03:38,0.23461882716049381,108837.9695,108977.346735
2025-07-07 11:04:34,0.2350889917695473,108691.1814,108967.85566
2025-07-07 12:03:23,0.23554282407407406,108648.1402,108958.16244000001
2025-07-07 13:03:46,0.23600874485596707,108343.9337,108931.69578500002
2025-07-07 14:03:46,0.23647170781893004,108435.9574,108907.36005500001
2025-07-07 15:00:45,0.2369113940329218,108221.2205,108895.16059999999
2025-07-07 16:03:19,0.23739416152263373,108344.8309,108886.42773
2025-07-07 17:03:47,0.23786072530864197,107980.7996,108849.18017500002
2025-07-07 18:03:46,0.2383235596707819,107948.589,108787.10571999999
2025-07-07 19:03:51,0.2387871656378601,107962.3731,108721.573535
2025-07-07 20:04:01,0.2392514146090535,108109.173,108665.91808500001
2025-07-07 21:04:03,0.23971463477366256,107930.8828,108618.22026500001
2025-07-07 22:03:43,0.2401750257201646,108167.2214,108574.57951
2025-07-07 23:03:39,0.2406374742798354,108032.8918,108506.64923499999
2025-07-08 00:03:49,0.2411017232510288,108294.1479,108450.03601000001
2025-07-08 01:03:33,0.24156262860082303,108342.4132,108410.08336
2025-07-08 02:04:00,0.24202906378600822,107869.4548,108350.52166499998
2025-07-08 03:03:19,0.24248675411522633,107720.029,108296.78699000001
2025-07-08 04:03:48,0.2429534465020576,107920.4867,108240.013335
2025-07-08 05:03:47,0.24341628086419753,108007.5043,108190.46001
2025-07-08 06:03:36,0.243877829218107,108192.3965,108158.18136
2025-07-08 07:00:20,0.2443155864197531,108322.0062,108139.72260000001
2025-07-08 08:03:49,0.2448054269547325,108449.9641,108129.813795
2025-07-08 09:03:08,0.24526311728395062,108276.7654,108126.45538000001
2025-07-08 10:02:45,0.24572312242798353,108458.1597,108127.56549499999
2025-07-08 11:03:40,0.246193158436214,108843.0377,108158.65635500001
2025-07-08 12:03:50,0.2466574074074074,108772.6214,108180.04587999999
2025-07-08 13:03:53,0.24712075617283952,108904.874,108226.24960000001
2025-07-08 14:00:45,0.24755954218106996,109073.0714,108282.47371999998
2025-07-08 15:03:46,0.2480457818930041,108406.1743,108304.66377999999
2025-07-08 16:03:59,0.24851041666666668,108269.0472,108312.65749000001
2025-07-08 17:03:28,0.24896939300411522,108416.6739,108336.947045
2025-07-08 18:04:06,0.24943724279835391,108941.0717,108375.63956
2025-07-08 19:04:05,0.24990007716049384,109116.1415,108429.80204499999
2025-07-08 20:04:02,0.25036265432098764,108784.8696,108454.33813
2025-07-08 21:03:42,0.2508230452674897,108675.3571,108470.98532499999
2025-07-08 22:03:04,0.25128112139917697,108930.2835,108524.02676
2025-07-08 23:03:58,0.25175102880658434,108920.1911,108584.03486500001
2025-07-09 00:03:56,0.25221373456790125,108945.709,108635.29598000001
2025-07-09 01:03:55,0.25267656893004115,108962.4726,108683.044395
2025-07-09 02:04:07,0.25314107510288064,108795.9626,108713.2227
2025-07-09 03:03:16,0.2535974794238683,108649.6935,108729.60706499999
2025-07-09 04:03:22,0.25406121399176956,108382.604,108726.23906
2025-07-09 05:02:50,0.2545200617283951,108542.0654,108739.50405999999
2025-07-09 06:03:13,0.2549859825102881,108775.9921,108755.39568
2025-07-09 07:03:56,0.25545447530864196,108835.8967,108755.03863
2025-07-09 08:02:04,0.25590303497942385,108712.3031,108752.022715
2025-07-09 09:00:27,0.25635352366255143,108699.6991,108741.76397
2025-07-09 10:00:55,0.25682008744855966,108769.5994,108726.59036999999
2025-07-09 11:03:25,0.2573023405349794,108873.6902,108749.96616499999
2025-07-09 12:03:26,0.25776543209876546,109082.5956,108790.643585
2025-07-09 13:00:37,0.2582066615226337,109433.074,108841.46358999998
2025-07-09 14:03:58,0.2586954732510288,109416.1866,108865.219335
2025-07-09 15:03:59,0.2591585648148148,108843.2737,108851.575945
2025-07-09 16:03:17,0.25961612654320987,109069.4785,108865.80639
2025-07-09 17:03:24,0.26007998971193413,109408.023,108902.43968500002
2025-07-09 18:03:51,0.2605464248971193,109153.4277,108913.596895
2025-07-09 19:03:51,0.2610093878600823,109540.1098,108944.59283000001
2025-07-09 20:03:47,0.2614718364197531,111741.5119,109084.382975
2025-07-09 21:03:40,0.26193389917695475,110751.6496,109173.84182500001
2025-07-09 22:03:17,0.26239390432098764,110968.684,109282.47789499999
2025-07-09 23:03:50,0.2628611111111111,111385.3826,109419.26235
2025-07-10 00:08:09,0.2633573816872428,111309.1884,109565.59157
2025-07-10 01:03:41,0.2637858796296296,111007.4375,109688.860175
2025-07-10 02:03:56,0.26425077160493826,111287.5405,109814.437595
2025-07-10 03:03:41,0.26471180555555557,111254.0095,109935.34323500001
2025-07-10 04:03:43,0.2651750257201646,111090.8677,110054.271465
2025-07-10 05:03:40,0.26563760288065846,111167.0686,110177.63994
2025-07-10 06:03:54,0.26610236625514405,111103.5265,110294.336295
2025-07-10 07:03:58,0.2665658436213992,111269.6723,110414.1354
2025-07-10 08:01:00,0.2670059156378601,111255.2785,110522.769545
2025-07-10 09:03:34,0.267488683127572,111277.7201,110615.00185
2025-07-10 10:00:49,0.2679304269547325,111096.6967,110699.027355
2025-07-10 11:03:28,0.2684138374485597,111016.4978,110807.68856
2025-07-10 12:03:53,0.2688800154320988,111039.241,110906.176685
2025-07-10 13:03:52,0.26934284979423867,110873.0311,110979.42709000001
2025-07-10 14:04:08,0.26980787037037035,110789.3125,111061.22133000001
2025-07-10 15:03:19,0.2702645318930041,111231.8599,111145.80883499999
2025-07-10 16:03:31,0.27072903806584364,111397.9337,111128.62992500002
2025-07-10 17:03:50,0.27119444444444446,112668.5431,111224.4746
2025-07-10 18:03:34,0.27165534979423867,113803.5794,111366.21937000002
2025-07-10 19:03:51,0.2721204989711934,113319.8814,111462.94431
2025-07-10 20:03:11,0.27257831790123455,113345.5626,111564.76302
2025-07-10 21:02:24,0.2730352366255144,113564.7645,111692.62937000001
2025-07-10 22:03:21,0.27350552983539095,116462.0667,111951.35568
2025-07-10 23:03:49,0.2739720936213992,116061.0328,112191.706845
2025-07-11 00:03:28,0.2744323559670782,115945.9731,112434.462115
2025-07-11 01:02:45,0.2748897890946502,115547.7142,112653.494395
2025-07-11 02:03:25,0.27535789609053496,115956.7452,112896.15533000001
2025-07-11 03:02:30,0.2758137860082305,116690.4881,113167.19611999998
2025-07-11 04:03:13,0.27628227880658435,116818.0496,113445.33467499998
2025-07-11 05:03:44,0.2767492283950617,116906.8352,113726.79043000001
2025-07-11 06:03:44,0.2772121913580247,118004.1499,114072.16309
2025-07-11 07:04:11,0.27767862654320985,117680.6182,114405.36911
2025-07-11 08:03:40,0.2781376028806584,117699.2704,114738.37058000002
2025-07-11 09:03:22,0.2785982510288066,118007.6038,115095.09921499998
2025-07-11 10:03:58,0.2790658436213992,118502.4306,115480.75511999999
2025-07-11 11:02:37,0.27951838991769545,118076.1375,115822.969
2025-07-11 12:04:19,0.27999447016460904,117859.4975,116146.04719
2025-07-11 13:03:50,0.2804537037037037,117848.0411,116405.02209000001
2025-07-11 14:03:23,0.28091319444444446,117875.8378,116608.63501
2025-07-11 15:04:02,0.2813811728395062,117817.4794,116833.51491
2025-07-11 16:03:37,0.281840920781893,117027.8552,117017.62954
2025-07-11 17:03:34,0.28230349794238685,117413.0,117210.041315
2025-07-11 18:01:38,0.28275154320987655,117617.1058,117267.79327
2025-07-11 19:03:58,0.28323251028806584,117713.0769,117350.395475
2025-07-11 20:03:49,0.2836943158436214,118058.0221,117455.997925
2025-07-11 21:03:51,0.28415753600823046,117798.9431,117568.55937
2025-07-11 22:03:35,0.28461844135802467,117587.3291,117650.08856500001
2025-07-11 23:03:30,0.28508076131687243,117613.8186,117696.25509000002
2025-07-12 00:03:56,0.2855470679012346,117571.0251,117733.903865
2025-07-12 01:03:55,0.28600990226337447,117387.8939,117757.9568
2025-07-12 02:03:51,0.2864723508230453,117687.6944,117742.13402499999
2025-07-12 03:03:50,0.2869351851851852,117635.3595,117739.87109
2025-07-12 04:04:00,0.2873994341563786,117725.0573,117741.160435
2025-07-12 05:04:09,0.28786355452674894,117685.8792,117725.074205
2025-07-12 06:03:52,0.28832433127572016,117723.436,117686.124475
2025-07-12 07:03:58,0.2887880658436214,117947.1575,117679.67547499998
2025-07-12 08:04:02,0.28925154320987656,117752.8608,117674.34364
2025-07-12 09:03:26,0.2897098765432099,117881.0577,117675.99446999999
2025-07-12 10:04:06,0.29017798353909463,118143.0187,117689.353515
2025-07-12 11:03:36,0.29063708847736625,118110.5828,117704.00868499998
2025-07-12 12:00:59,0.2910798611111111,117835.461,117744.38897500001
2025-07-12 13:03:54,0.291565329218107,117515.6706,117749.522505
2025-07-12 14:03:35,0.2920258487654321,117476.3075,117742.48259
2025-07-12 15:04:03,0.2924924125514403,117407.7963,117727.21856
2025-07-12 16:03:51,0.29295383230452676,117143.9499,117681.51494999998
2025-07-12 17:03:14,0.29341203703703705,117217.2683,117652.43121
2025-07-12 18:03:52,0.2938798868312757,117486.5153,117647.39051999999
2025-07-12 19:00:30,0.29431687242798354,117461.6312,117639.78115000001
2025-07-12 20:03:28,0.2948027263374486,117579.5773,117640.20876000002
2025-07-12 21:00:53,0.2952457561728395,117174.7376,117629.550945
2025-07-12 22:04:02,0.29573302469135804,117476.8403,117619.00824000002
2025-07-12 23:03:18,0.296190329218107,117404.6597,117607.47325
2025-07-13 00:03:38,0.29665586419753087,117413.3982,117591.890295
2025-07-13 01:00:49,0.2970970936213992,117379.6919,117576.58093000001
2025-07-13 02:03:48,0.2975830761316872,117599.4769,117570.382975
2025-07-13 03:03:58,0.2980473251028807,117668.1408,117556.43214
2025-07-13 04:03:35,0.29850733024691356,117791.7347,117558.37583499998
2025-07-13 05:03:21,0.2989684927983539,117915.6041,117560.10315499999
2025-07-13 06:03:46,0.299434670781893,117774.6588,117541.68516000002
2025-07-13 07:03:38,0.2998966049382716,117941.3549,117533.223765
2025-07-13 08:03:17,0.3003568672839506,117996.7408,117541.28775500001
2025-07-13 09:03:30,0.30082150205761315,117826.0747,117556.80796
2025-07-13 10:03:17,0.30128279320987655,117784.4572,117572.21544500001
2025-07-13 11:03:28,0.301747170781893,117789.8583,117591.318545
2025-07-13 12:00:29,0.30218711419753086,118046.604,117636.45125000001
2025-07-13 13:03:26,0.30267283950617285,118431.9131,117697.18349000001
2025-07-13 14:04:01,0.3031403034979424,118634.8272,117754.599085
2025-07-13 15:03:38,0.3036003086419753,118713.5739,117817.19622
2025-07-13 16:03:40,0.3040635288065844,118718.6871,117874.15170999998
2025-07-13 17:03:28,0.30452494855967077,118684.0247,117949.616065
2025-07-13 18:02:09,0.3049777520576132,118771.3207,118014.34008499999
2025-07-13 19:01:56,0.3054390432098765,119006.4088,118094.42754000002
2025-07-13 20:03:23,0.3059131944444444,119089.9744,118178.25635
2025-07-13 21:03:08,0.30637422839506173,119142.5278,118266.39814500001
2025-07-13 22:02:22,0.3068312757201646,118719.1527,118322.381935
2025-07-13 23:03:58,0.3073065843621399,118645.5235,118371.25107
2025-07-14 00:03:52,0.3077687757201646,119145.2576,118438.927215
2025-07-14 01:03:51,0.30823161008230454,119191.3438,118502.7142
2025-07-14 02:03:19,0.30869045781893006,119143.9823,118571.180375
2025-07-14 03:03:49,0.30915727880658433,119717.5324,118659.98925000001
2025-07-14 04:01:15,0.30960043724279834,120892.6008,118804.78225
2025-07-14 05:03:34,0.3100812757201646,121375.784,118982.26771500001
2025-07-14 06:03:45,0.3105456532921811,122368.931,119211.49140500001
2025-07-14 07:03:35,0.31100733024691357,122108.5831,119427.427645
2025-07-14 08:03:48,0.3114719650205761,122780.235,119664.10919499998
2025-07-14 09:00:31,0.3119095936213992,122603.0433,119872.66570499998
2025-07-14 10:03:37,0.31239647633744855,121997.9399,120040.82134
2025-07-14 11:03:35,0.31285918209876545,121939.0073,120202.09301
2025-07-14 12:03:44,0.3133233024691358,121491.241,120340.72070500001
2025-07-14 13:03:00,0.3137806069958848,121858.2839,120499.43366500002
2025-07-14 14:03:38,0.3142484567901235,121919.0307,120656.81916500002
2025-07-14 15:03:10,0.3147078189300411,121031.2494,120758.06119499999
2025-07-14 16:03:32,0.3151736111111111,119859.3841,120796.53168000001
2025-07-14 17:03:36,0.31563708847736627,120142.604,120846.53549
2025-07-14 18:03:44,0.3161010802469136,119875.3998,120904.34784499998
2025-07-14 19:03:47,0.31656442901234566,119660.6403,120955.10368500001
2025-07-14 20:03:22,0.3170241769547325,119881.3986,120991.910735
2025-07-14 21:03:25,0.3174875257201646,120266.0679,121045.64694
2025-07-14 22:03:15,0.3179492026748971,120131.969,121095.046275
2025-07-14 23:03:37,0.3184149948559671,120085.4314,121113.441225
2025-07-15 00:03:15,0.31887512860082307,119849.1568,121061.269025
2025-07-15 01:03:31,0.31934014917695475,119506.5989,120967.80976999998
2025-07-15 02:03:28,0.31980272633744855,118897.6193,120794.244185
2025-07-15 03:03:36,0.32026671810699586,118239.7585,120600.802955
2025-07-15 04:03:30,0.3207289094650206,117216.345,120322.60845500001
2025-07-15 05:03:36,0.3211926440329218,117462.2469,120065.568635
2025-07-15 06:03:27,0.3216544495884774,117268.1413,119829.07870499999
2025-07-15 07:01:14,0.3221003086419753,116983.2378,119581.29023
2025-07-15 08:04:00,0.3225846193415638,116782.7304,119345.86469999999
2025-07-15 09:03:41,0.3230451388888889,116748.4982,119090.37541499999
2025-07-15 10:04:22,0.3235133744855967,116813.1356,118835.08066
2025-07-15 11:03:40,0.32397093621399176,117048.8543,118635.96090500001
2025-07-15 12:03:50,0.32443518518518516,116997.9405,118492.888725
2025-07-15 13:03:14,0.3248935185185185,117198.623,118345.689675
2025-07-15 14:03:26,0.32535802469135805,118199.6795,118261.90366000003
2025-07-15 15:02:06,0.32581069958847736,116224.7249,118090.10789000001
2025-07-15 16:03:47,0.3262866512345679,116422.287,117917.15231
2025-07-15 17:03:34,0.3267479423868313,117273.5511,117767.52647
2025-07-15 18:03:54,0.32721347736625517,117372.7328,117629.56466
2025-07-15 19:04:16,0.3276792695473251,116757.2832,117463.15725
2025-07-15 20:03:38,0.32813734567901237,116450.2898,117293.2139
2025-07-15 21:03:13,0.32859709362139916,116502.2019,117142.99405000001
2025-07-15 22:04:00,0.32906610082304527,117475.3848,117071.88232499998
2025-07-15 23:00:19,0.32950064300411525,117703.3907,117045.06393499998
2025-07-16 00:01:04,0.3299693930041152,117709.3789,117069.71563000002
2025-07-16 01:03:57,0.330454603909465,118098.6197,117101.53426999999
2025-07-16 02:04:10,0.33091923868312756,117702.9728,117123.27584500001
2025-07-16 03:01:17,0.3313599537037037,117235.1812,117135.87301499999
2025-07-16 04:01:32,0.3318248456790123,117454.0307,117169.43803
2025-07-16 05:04:32,0.33231095679012346,117603.8701,117212.20662499999
2025-07-16 06:03:38,0.33276697530864197,117875.8351,117265.3416
2025-07-16 07:03:19,0.3332274948559671,118269.9697,117326.39736999999
2025-07-16 08:03:44,0.3336936728395062,118201.9829,117386.59949000001
2025-07-16 09:04:09,0.3341598508230453,118711.6353,117462.25010499998
2025-07-16 10:03:53,0.3346207561728395,119131.1219,117508.82222499998
2025-07-16 11:04:28,0.33508822016460904,118797.3929,117637.45562499999
2025-07-16 12:03:53,0.3355466820987654,118795.5667,117756.11961000001
2025-07-16 13:04:05,0.3360111882716049,118757.9189,117830.33800000002
2025-07-16 14:04:42,0.33647890946502057,118634.4145,117893.422085
2025-07-16 15:03:28,0.3369323559670782,118944.9607,118002.80596
2025-07-16 16:03:53,0.3373985339506173,119214.4575,118141.01434499999
2025-07-16 17:03:49,0.33786098251028807,119310.1484,118281.41167000002
2025-07-16 18:03:48,0.33832381687242796,119261.3298,118370.70892
2025-07-16 19:03:32,0.3387847222222222,119615.6414,118466.32145500001
2025-07-16 20:03:27,0.33924704218106994,119245.1203,118543.108525
2025-07-16 21:02:56,0.3397060185185185,119754.5795,118625.90651500001
2025-07-16 22:03:50,0.34017592592592594,119471.2657,118714.32116
2025-07-16 23:03:45,0.34063824588477365,118745.9837,118789.86128500002
2025-07-17 00:03:39,0.34110043724279837,118709.9778,118852.65864
2025-07-17 01:03:28,0.3415619855967078,118994.7793,118922.2041
2025-07-17 02:01:54,0.3420128600823045,118083.238,118932.574245
2025-07-17 03:03:43,0.34248984053497944,118329.2761,118935.53956500001
2025-07-17 04:03:51,0.34295383230452675,118117.6209,118931.321465
2025-07-17 05:01:02,0.34339506172839507,118475.2224,118919.50082
2025-07-17 06:04:04,0.34388143004115224,118631.8675,118894.5381
2025-07-17 07:00:56,0.34432021604938273,118455.646,118877.450755
2025-07-17 08:00:57,0.3447833076131687,118374.3632,118856.39057999998
2025-07-17 09:03:19,0.3452645318930041,118357.495,118836.369385
2025-07-17 10:03:49,0.3457313528806584,118905.4734,118849.92233
2025-07-17 11:03:42,0.3461934156378601,118380.8854,118821.71856499999
2025-07-17 12:02:26,0.3466466049382716,118135.9622,118767.79380000001
2025-07-17 13:03:34,0.3471183127572016,117952.7114,118699.92194999999
2025-07-17 14:04:11,0.34758603395061727,118287.4003,118651.22547500001
2025-07-17 15:03:47,0.34804591049382716,118789.9197,118609.93939
2025-07-17 16:01:47,0.3484934413580247,118934.7596,118594.421355
2025-07-17 17:03:43,0.3489713220164609,118527.0079,118533.04277499998
2025-07-17 18:03:20,0.34943132716049385,119154.8329,118517.221135
2025-07-17 19:04:09,0.349900591563786,119654.6767,118562.655785
2025-07-17 20:03:47,0.350360725308642,119061.0919,118580.21148999999
2025-07-17 21:00:47,0.3508005401234568,119224.8813,118591.71659000001
2025-07-17 22:07:50,0.3513179012345679,120371.5411,118706.13174499999
2025-07-17 23:03:47,0.35174961419753087,119897.2756,118784.53172
2025-07-18 00:03:37,0.35221129115226335,119445.3652,118850.918935
2025-07-18 01:02:36,0.3526664094650206,119767.9132,118915.55347500001
2025-07-18 02:04:05,0.3531408179012346,120392.4797,119003.58408500001
2025-07-18 03:03:47,0.3536014660493827,120252.2466,119093.414115
2025-07-18 04:04:12,0.3540676440329218,120278.6263,119188.62727000001
2025-07-18 05:04:02,0.35452932098765433,120488.4064,119295.17283999998
2025-07-18 06:04:12,0.35499356995884773,120654.0974,119382.60404
2025-07-18 07:03:53,0.35545408950617285,120414.1594,119484.26774
2025-07-18 08:03:39,0.35591525205761315,119571.8896,119556.06411
2025-07-18 09:04:04,0.35638143004115225,118687.2777,119592.79242500002
2025-07-18 10:03:33,0.3568404063786008,118939.943,119625.41956
2025-07-18 11:04:10,0.35730812757201647,119181.6431,119645.00573
2025-07-18 12:04:06,0.3577705761316872,119185.2157,119657.528535
2025-07-18 13:04:18,0.3582350823045268,119524.123,119707.38429
2025-07-18 14:03:48,0.35869418724279833,118791.5184,119689.21856499999
2025-07-18 15:03:45,0.3591567644032922,118203.4349,119616.65647500001
2025-07-18 16:00:10,0.3595920781893004,117878.2697,119557.515365
2025-07-18 17:00:45,0.36005954218106995,117775.936,119485.06809999999
2025-07-18 18:02:40,0.36053729423868314,117633.4176,119348.161925
2025-07-18 19:03:46,0.36100874485596707,117500.1786,119228.30707499999
2025-07-18 20:04:16,0.3614755658436214,117484.198,119130.24871500002
2025-07-18 21:02:35,0.3619255401234568,117483.7959,119016.04285
2025-07-18 22:01:00,0.36237628600823046,117752.5513,118884.04642999999
2025-07-18 23:03:28,0.3628582818930041,117737.8326,118758.32573
2025-07-19 00:03:54,0.36332458847736626,118002.5541,118644.52212000001
2025-07-19 01:03:37,0.3637853652263375,117875.5016,118513.87688000003
2025-07-19 02:04:18,0.36425360082304525,118117.0679,118387.025405
2025-07-19 03:01:54,0.3646980452674897,118320.682,118282.351535
2025-07-19 04:03:35,0.36517399691358027,118340.4856,118220.78133499999
2025-07-19 05:03:51,0.36563901748971195,118244.4053,118198.63771499999
2025-07-19 06:03:48,0.36610159465020575,118296.2354,118166.452335
2025-07-19 07:03:48,0.36656455761316875,118238.2115,118119.280755
2025-07-19 08:03:54,0.36702829218106997,118249.3305,118072.48649499999
2025-07-19 09:03:29,0.3674880401234568,118161.4225,118004.35147000002
2025-07-19 10:01:28,0.3679354423868313,118295.5062,117979.55086
2025-07-19 11:03:32,0.36841435185185184,118434.0558,117991.081905
2025-07-19 12:04:00,0.3688809156378601,118387.9842,118016.56762999999
2025-07-19 13:04:09,0.36934503600823043,118278.7728,118041.70947
2025-07-19 14:03:23,0.3698020833333333,118217.5336,118070.91527
2025-07-19 15:03:41,0.37026736111111114,117786.4302,118085.22785
2025-07-19 16:03:34,0.37072942386831276,118163.0282,118119.16935999999
2025-07-19 17:03:50,0.37119444444444444,118076.6195,118148.81054
2025-07-19 18:03:51,0.3716575360082304,117871.4861,118154.75727999999
2025-07-19 19:03:50,0.3721203703703704,117909.4362,118163.33746000002
2025-07-19 20:04:11,0.3725860339506173,118066.0421,118166.51186
2025-07-19 21:03:43,0.373045396090535,118070.1722,118176.24538999998
2025-07-19 22:04:08,0.3735115740740741,117718.6905,118156.32652
2025-07-19 23:04:09,0.3739746656378601,117856.4899,118133.11691499999
2025-07-20 00:00:26,0.37440895061728396,117904.0343,118111.29435000001
2025-07-20 01:04:00,0.3748994341563786,117960.703,118097.10923500001
2025-07-20 02:03:50,0.3753611111111111,118001.7987,118082.3874
2025-07-20 03:03:49,0.37582394547325104,118030.4626,118071.99995499998
2025-07-20 04:04:15,0.3762902520576132,117995.448,118059.30583000001
2025-07-20 05:04:02,0.3767515432098765,118019.5544,118052.21242499999
2025-07-20 06:03:38,0.3772114197530864,117917.3918,118033.306705
2025-07-20 07:03:28,0.37767309670781896,117903.6999,118006.78891
2025-07-20 08:03:34,0.3781368312757202,118115.7792,117993.17866
2025-07-20 09:03:43,0.37860095164609053,118221.6049,117990.32026500002
2025-07-20 10:03:57,0.3790657150205761,118042.3717,117981.56217
2025-07-20 11:03:22,0.3795241769547325,117950.0285,117989.742085
2025-07-20 12:03:49,0.3799906121399177,117954.7879,117979.33007
2025-07-20 13:04:00,0.38045498971193414,118084.9385,117979.74602
2025-07-20 14:03:53,0.3809170524691358,118329.0575,118002.62458999999
2025-07-20 15:03:58,0.381380658436214,118527.951,118033.55033
2025-07-20 16:04:01,0.3818440072016461,118738.2882,118067.162635
2025-07-20 17:01:28,0.38228729423868313,118641.5346,118095.730755
2025-07-20 18:03:30,0.3827659465020576,118101.8874,118114.8906
2025-07-20 19:03:59,0.38323263888888887,118407.7099,118142.4516
2025-07-20 20:01:14,0.38367438271604937,118395.9671,118167.04823999999
2025-07-20 21:03:25,0.3841541923868313,118237.961,118180.91114000001
2025-07-20 22:03:40,0.38461908436213993,118047.5005,118183.19623
2025-07-20 23:03:48,0.38508307613168724,117551.3039,118159.238295
2025-07-21 00:03:34,0.3855442386831276,117269.1188,118122.921835
2025-07-21 01:03:17,0.38600501543209875,117275.619,118085.725065
2025-07-21 02:03:39,0.3864708076131687,117258.4953,118052.78024000002
2025-07-21 03:03:54,0.38693569958847734,118095.6337,118062.37692999998
2025-07-21 04:03:19,0.38739416152263373,118432.3594,118078.20593999999
2025-07-21 05:00:43,0.38783706275720164,118520.0357,118093.12748
2025-07-21 06:03:34,0.38832201646090536,118395.0593,118110.76186
2025-07-21 07:03:12,0.3887821502057613,119155.014,118171.011135
2025-07-21 08:03:40,0.3892487139917695,119366.3037,118241.586925
2025-07-21 09:03:39,0.3897115483539095,119025.2894,118288.60446999999
2025-07-21 10:03:54,0.3901764403292181,118720.3026,118308.16672500002
2025-07-21 11:03:45,0.39063824588477364,118604.087,118311.973525
2025-07-21 12:04:03,0.39110352366255147,118349.3826,118292.52824500001
2025-07-21 13:03:39,0.3915634002057613,118226.3627,118271.76965
2025-07-21 14:03:21,0.39202404835390947,118875.1324,118310.43190000001
2025-07-21 15:03:52,0.39249099794238684,118907.4493,118335.41887000001
2025-07-21 16:04:04,0.39295550411522634,118470.9858,118339.169805
2025-07-21 17:04:18,0.39342026748971193,117852.0376,118319.873635
2025-07-21 18:02:17,0.3938676697530864,117818.7251,118308.43486499999
2025-07-21 19:03:41,0.39434143518518516,117269.277,118294.33352000001
2025-07-21 20:02:39,0.39479642489711936,116846.9085,118273.22300499999
2025-07-21 21:03:27,0.39526556069958846,117092.1634,118264.05022499998
2025-07-21 22:04:17,0.3957349537037037,117309.1582,118266.58336999998
2025-07-21 23:03:33,0.3961922582304527,117496.579,118236.630635
2025-07-22 00:03:29,0.39665470679012343,117446.1405,118187.31969
2025-07-22 01:04:11,0.3971230709876543,117169.4654,118119.79117499999
2025-07-22 02:04:01,0.39758474794238685,117844.2406,118092.25024
2025-07-22 03:02:21,0.3980348508230453,117174.2804,117993.21355999999
2025-07-22 04:04:10,0.39851183127572015,117225.5274,117886.174745
2025-07-22 05:03:56,0.3989729938271605,116847.6291,117777.29172999998
2025-07-22 06:03:41,0.39943402777777776,117294.8004,117706.01661999998
2025-07-22 07:03:38,0.3998966049382716,117771.3166,117664.3781
2025-07-22 08:03:30,0.4003585390946502,118027.1623,117648.26708499998
2025-07-22 09:03:30,0.4008215020576132,118278.9079,117650.894345
2025-07-22 10:04:00,0.4012883230452675,118467.3689,117630.50617
2025-07-22 11:03:11,0.40174498456790125,118785.8102,117624.424215
2025-07-22 12:04:58,0.40222170781893,119182.6889,117660.00937000001
2025-07-22 13:04:54,0.40268415637860083,119359.7295,117735.39396500001
2025-07-22 14:06:05,0.40315625,118703.2684,117779.62113000001
2025-07-22 15:08:24,0.40363708847736623,119002.5076,117866.28266
2025-07-22 16:09:17,0.4041068672839506,119010.0971,117974.44209
2025-07-22 17:07:48,0.40455838477366257,118754.6978,118057.56881000001
2025-07-22 18:08:51,0.40502944958847736,119184.9421,118151.358005
2025-07-22 19:04:42,0.40546039094650205,119733.9347,118263.22579000001
2025-07-22 20:05:34,0.4059300411522634,119302.4572,118356.041625
2025-07-22 21:08:20,0.4064143518518519,119759.5166,118485.544185
2025-07-22 22:08:49,0.40688104423868315,119647.1361,118575.68896000001
2025-07-22 23:04:07,0.4073077417695473,119905.3441,118712.242145
2025-07-23 00:04:40,0.4077749485596708,119958.8622,118848.90888500001
2025-07-23 01:06:09,0.40824935699588477,119683.1995,118990.687405
2025-07-23 02:00:29,0.40866859567901237,119583.736,119105.134185
2025-07-23 03:03:07,0.4091518775720165,119127.2803,119172.93237000001
2025-07-23 04:04:05,0.40962229938271605,118687.1424,119205.931375
2025-07-23 05:08:34,0.4101198559670782,118900.1656,119236.99425999999
2025-07-23 06:08:36,0.41058307613168726,118701.9532,119248.723475
2025-07-23 07:03:56,0.4110100308641975,118473.9026,119233.12809499998
2025-07-23 08:08:25,0.4115075874485597,118379.7388,119192.98059
2025-07-23 09:09:06,0.4119758230452675,118433.7851,119146.68337000001
2025-07-23 10:08:39,0.41243531378600823,118078.3258,119115.43624
2025-07-23 11:02:14,0.41284876543209875,118373.0671,119083.964215
2025-07-23 12:04:35,0.4133298611111111,118586.2647,119062.77259500002
2025-07-23 13:06:06,0.41380452674897117,118102.7569,119030.17555
2025-07-23 14:01:34,0.41423251028806585,117604.01,118951.128945
2025-07-23 15:09:25,0.4147560442386831,118166.3435,118872.749385
2025-07-23 16:00:03,0.41514673353909465,118371.492,118826.20112499999
2025-07-23 17:09:23,0.41568171296296297,117845.3889,118730.49474
2025-07-23 18:09:13,0.41614338991769545,118120.7898,118654.177425
2025-07-23 19:09:14,0.4166064814814815,118401.52,118578.98622
2025-07-23 20:08:03,0.4170603137860082,118451.5534,118503.62078
2025-07-23 21:04:35,0.4174965277777778,117982.4657,118418.58409000002
2025-07-23 22:02:10,0.41794084362139916,118132.7507,118346.03482500001
2025-07-23 23:09:08,0.41845756172839504,118632.4945,118321.295535
2025-07-24 00:01:21,0.4188604681069959,118629.0559,118318.39121
2025-07-24 01:09:35,0.41938695987654323,119099.9599,118328.38092500002
2025-07-24 02:05:01,0.41981468621399176,119093.2484,118347.945685
2025-07-24 03:09:30,0.4203122427983539,119044.505,118376.47580500001
2025-07-24 04:08:57,0.42077096193415636,118571.6469,118386.07121
2025-07-24 05:08:58,0.4212340534979424,118040.3148,118366.39769499998
2025-07-24 06:06:18,0.4216764403292181,117731.5966,118349.061235
2025-07-24 07:09:24,0.4221633230452675,117421.5471,118301.485235
2025-07-24 08:09:04,0.42262371399176957,118297.5908,118287.05153999999
2025-07-24 09:09:19,0.4230886059670782,118813.743,118322.60084499998
2025-07-24 10:09:29,0.4235528549382716,118626.886,118373.74464500001
2025-07-24 11:00:32,0.42394675925925923,118306.1544,118380.73519
2025-07-24 12:03:55,0.4244358281893004,118706.2653,118397.47385500002
2025-07-24 13:04:09,0.424900591563786,118485.7487,118429.491845
2025-07-24 14:04:24,0.42536548353909465,118430.683,118444.986505
2025-07-24 15:04:53,0.4258321759259259,118859.5776,118467.88938500002
2025-07-24 16:04:20,0.4262908950617284,119161.3974,118503.381585
2025-07-24 17:07:56,0.42678163580246914,118633.228,118535.9197
2025-07-24 18:04:25,0.4272174639917696,119212.3077,118589.89755000002
2025-07-24 19:09:19,0.4277182355967078,119129.4772,118614.74668499999
2025-07-24 20:09:33,0.42818299897119344,119020.7936,118634.33356999999
2025-07-24 21:08:55,0.42864107510288063,118788.0153,118618.73633999999
2025-07-24 22:09:32,0.4291087962962963,118633.7122,118595.75953
2025-07-24 23:09:09,0.4295688014403292,118328.2144,118559.94499999999
2025-07-25 00:09:04,0.43003112139917693,118374.1267,118550.06899000001
2025-07-25 01:09:38,0.43049845679012344,117716.0301,118533.85475500001
2025-07-25 02:08:36,0.43095344650205764,117363.9175,118515.47079999998
2025-07-25 03:09:00,0.4314194958847737,116416.8689,118465.23688999999
2025-07-25 04:08:16,0.43187680041152265,115457.8831,118323.25150500001
2025-07-25 05:03:00,0.4322991255144033,115944.6981,118179.79926
2025-07-25 06:01:41,0.43275192901234566,115525.7006,118024.73998999999
2025-07-25 07:03:46,0.4332309670781893,115312.9591,117875.080225
2025-07-25 08:04:57,0.43370306069958847,115183.7907,117698.95649499998
2025-07-25 09:04:32,0.4341628086419753,115198.3413,117534.586125
2025-07-25 10:04:54,0.4346286008230453,115616.056,117393.85477500001
2025-07-25 11:06:55,0.4351071244855967,116397.6139,117270.75658999998
2025-07-25 12:00:45,0.4355225051440329,116570.5773,117141.215585
2025-07-25 13:02:13,0.43599678497942385,116149.0992,117017.00914499999
2025-07-25 14:04:49,0.43647980967078187,116111.2571,116861.95661499999
2025-07-25 15:04:55,0.43694354423868315,115190.2479,116664.99515
2025-07-25 16:09:15,0.43743994341563786,115789.5384,116503.43239000002
2025-07-25 17:09:09,0.4379021347736626,116091.4393,116368.60359
2025-07-25 18:08:41,0.43836149691358023,116140.3215,116243.934055
2025-07-25 19:09:24,0.43882998971193415,116519.0491,116153.47579000001
2025-07-25 20:02:39,0.4392408693415638,116745.489,116072.043905
2025-07-25 21:09:17,0.4397550154320988,117127.8886,116042.63683000002
2025-07-25 22:03:01,0.4401696244855967,117186.5628,116033.76909500003
2025-07-25 23:09:29,0.4406824845679012,117306.1772,116078.23451000001
2025-07-26 00:08:48,0.4411401748971193,117518.6847,116181.27459
2025-07-26 01:02:49,0.44155697016460904,117465.1714,116257.298255
2025-07-26 02:04:39,0.442034079218107,117305.4907,116346.28776
2025-07-26 03:08:26,0.44252623456790124,117544.025,116457.841055
2025-07-26 04:09:43,0.4429990997942387,117522.9816,116574.8006
2025-07-26 05:09:54,0.44346347736625513,117512.7873,116690.52289999998
2025-07-26 06:09:20,0.44392206790123456,117476.424,116783.5413
2025-07-26 07:03:54,0.44434310699588475,117386.6947,116832.99534
2025-07-26 08:04:03,0.44480722736625516,117356.2276,116872.27785500002
2025-07-26 09:09:47,0.4453144290123457,117592.6969,116944.45774000001
2025-07-26 10:04:53,0.44573958333333336,117603.878,117019.088785
2025-07-26 11:02:23,0.4461832561728395,118024.2087,117160.786825
2025-07-26 12:04:19,0.44666113683127573,117832.153,117262.91755499998
2025-07-26 13:04:26,0.447125,117936.626,117355.17689
2025-07-26 14:01:48,0.4475676440329218,118172.6805,117456.79483999999
2025-07-26 15:04:40,0.4480527263374486,118127.5956,117537.222165
2025-07-26 16:07:33,0.44853793724279833,118143.0816,117607.101795
2025-07-26 17:04:36,0.4489781378600823,118102.2397,117655.81934999998
2025-07-26 18:09:46,0.4494809670781893,118079.0428,117700.44334999999
2025-07-26 19:04:46,0.4499053497942387,118120.0763,117741.138305
2025-07-26 20:01:49,0.45034555041152263,118269.198,117778.66397
2025-07-26 21:04:00,0.4508253600823045,117995.1418,117805.16248999999
2025-07-26 22:04:11,0.451289737654321,118062.5845,117843.01718000001
2025-07-26 23:06:19,0.45176916152263374,118101.9882,117870.91534000002
2025-07-27 00:07:19,0.4522398405349794,117959.5423,117892.743375
2025-07-27 01:05:16,0.45268698559670784,117945.5247,117914.38024500001
2025-07-27 02:03:59,0.4531400462962963,118130.6395,117947.09102
2025-07-27 03:04:41,0.45360841049382716,118326.3415,117994.07336000001
2025-07-27 04:03:37,0.4540631430041152,118212.9583,118036.909895
2025-07-27 05:08:40,0.4545650720164609,118240.7855,118069.314325
2025-07-27 06:04:56,0.45499922839506174,118294.0574,118103.82329499998
2025-07-27 07:04:03,0.4554553755144033,118316.6832,118118.44702
2025-07-27 08:01:18,0.4558971193415638,118156.9071,118134.68472500001
2025-07-27 09:04:26,0.45638425925925924,117980.9202,118136.899435
2025-07-27 10:04:43,0.45684940843621397,117913.857,118123.95826000001
2025-07-27 11:04:52,0.4573135288065844,118273.133,118131.23513
2025-07-27 12:07:50,0.45779938271604936,118113.183,118129.7402
2025-07-27 13:08:15,0.45826556069958846,118130.6577,118131.1611
2025-07-27 14:09:43,0.4587398405349794,118229.0451,118138.66121500001
2025-07-27 15:03:56,0.4591581790123457,118418.3906,118153.57693000001
2025-07-27 16:09:48,0.4596664094650206,118822.3415,118181.234105
2025-07-27 17:07:00,0.46010776748971194,119078.8397,118235.41900000002
2025-07-27 18:09:48,0.4605923353909465,119303.845,118297.48202499999
2025-07-27 19:08:24,0.46104449588477364,119014.5606,118343.11064499998
2025-07-27 20:07:47,0.46150270061728393,119008.5347,118395.56026500001
2025-07-27 21:10:45,0.461988554526749,118878.7341,118442.22073500001
2025-07-27 22:09:27,0.46244148662551443,119470.8763,118509.232575
2025-07-27 23:07:36,0.46289017489711937,119516.2426,118568.72763000001
2025-07-28 00:09:25,0.4633671553497942,119434.4444,118629.801935
2025-07-28 01:06:14,0.4638055555555556,119278.092,118681.66725999999
2025-07-28 02:04:52,0.4642579732510288,119052.7614,118719.60246000001
2025-07-28 03:09:42,0.4647582304526749,119481.6013,118777.84836499998
2025-07-28 04:08:17,0.465210262345679,119331.7446,118836.59024
2025-07-28 05:04:37,0.465644933127572,119240.2315,118899.55580499998
2025-07-28 06:08:55,0.46614107510288066,119568.3505,118982.28048
2025-07-28 07:05:50,0.46658024691358024,119397.7694,119038.51230000002
2025-07-28 08:00:21,0.4670009002057613,118939.0529,119079.80579500001
2025-07-28 09:08:25,0.46752610596707816,119009.9847,119123.77214500001
2025-07-28 10:02:28,0.467943158436214,118930.2021,119158.829995
2025-07-28 11:04:08,0.4684189814814815,118759.9698,119175.90895499999
2025-07-28 12:02:32,0.4688695987654321,118804.8258,119175.03317
2025-07-28 13:09:20,0.4693850308641975,118828.9071,119162.53654
2025-07-28 14:04:20,0.4698094135802469,118412.8584,119117.98721
2025-07-28 15:08:24,0.47030375514403294,117997.898,119067.15408000001
2025-07-28 16:04:51,0.47073932613168723,118177.7978,119025.61723499998
2025-07-28 17:03:52,0.4711947016460905,118068.1924,118985.09014999999
2025-07-28 18:05:48,0.47167258230452674,117666.6803,118894.88034999999
2025-07-28 19:12:40,0.47218852880658435,117983.7676,118818.2566
2025-07-28 20:09:26,0.47262654320987657,117929.9029,118743.02952499999
2025-07-28 21:07:36,0.47307536008230455,118048.3197,118681.54091000001
2025-07-28 22:04:20,0.4735131172839506,118068.6533,118632.335505
2025-07-28 23:02:14,0.47395987654320987,117911.7572,118553.84330000002
2025-07-29 00:02:46,0.4744269547325103,118003.302,118487.42116999999
2025-07-29 01:10:07,0.47494663065843623,117953.89,118423.104095
2025-07-29 02:05:36,0.4753747427983539,117828.3916,118336.10615
2025-07-29 03:07:51,0.47585506687242796,118070.3864,118269.737
2025-07-29 04:03:50,0.47628703703703706,118610.7278,118253.32074499999
2025-07-29 05:09:13,0.4767915380658436,118583.4806,118231.99553999999
2025-07-29 06:04:34,0.477218621399177,118771.388,118224.054835
2025-07-29 07:01:31,0.47765805041152265,118857.5636,118228.934525
2025-07-29 08:00:34,0.478113683127572,118932.5175,118235.31911000001
2025-07-29 09:04:58,0.4786105967078189,118866.5387,118237.20069
2025-07-29 10:04:28,0.47906970164609053,118788.0226,118255.9589
2025-07-29 11:04:47,0.47953510802469135,118296.6708,118270.89753999999
2025-07-29 12:08:29,0.48002662037037036,118472.7845,118285.646875
2025-07-29 13:05:00,0.4804627057613169,118905.1527,118327.49489
2025-07-29 14:04:55,0.4809250257201646,118560.6205,118372.1919
2025-07-29 15:00:36,0.4813546810699588,118118.0443,118378.90573500001
2025-07-29 16:09:49,0.4818887602880658,117428.4566,118353.83342
2025-07-29 17:01:11,0.4822851080246914,117686.5223,118335.74355000001
2025-07-29 18:09:40,0.48281352880658435,117718.4505,118318.23341000002
2025-07-29 19:07:20,0.483258487654321,117575.142,118301.40264999999
2025-07-29 20:03:08,0.48368904320987655,117567.5486,118279.61498
2025-07-29 21:04:17,0.4841608796296296,117342.6454,118249.05275
2025-07-29 22:07:51,0.48465136316872426,117533.737,118234.32001999998
2025-07-29 23:03:09,0.4850780606995885,117803.5862,118220.98001000001
2025-07-30 00:06:54,0.4855699588477366,117830.596,118181.97342000001
2025-07-30 01:09:26,0.48605246913580247,117716.6138,118138.63008
2025-07-30 02:02:39,0.48646309156378603,117892.3282,118094.67708999998
2025-07-30 03:01:06,0.48691409465020574,118031.9161,118053.39471499999
2025-07-30 04:04:20,0.4874020061728395,118155.9408,118014.56587999998
2025-07-30 05:08:34,0.48789763374485595,117984.5738,117970.46763500001
2025-07-30 06:03:39,0.48832265946502057,117958.7864,117929.005825
2025-07-30 07:06:13,0.4888054269547325,118289.6822,117928.65639500001
2025-07-30 08:09:12,0.4892914094650206,118156.6412,117912.84923
2025-07-30 09:08:54,0.4897520576131687,118351.2401,117885.1536
2025-07-30 10:04:16,0.4901792695473251,118130.8147,117863.66331
2025-07-30 11:04:59,0.49064776234567903,118087.0121,117862.11169999998
2025-07-30 12:08:38,0.4911388888888889,117556.119,117868.49481999999
2025-07-30 13:04:14,0.4915679012345679,117747.4248,117871.539945
2025-07-30 14:08:44,0.49206558641975306,117720.7556,117871.6552
2025-07-30 15:02:32,0.4924807098765432,118643.9944,117925.09782
2025-07-30 16:02:08,0.4929405864197531,117971.405,117945.29063999999
2025-07-30 17:04:04,0.4934184670781893,117774.3433,117966.875535
2025-07-30 18:03:37,0.49387795781893,117775.533,117978.965335
2025-07-30 19:01:29,0.4943244598765432,116726.9141,117925.13173
2025-07-30 20:03:00,0.4947991255144033,116891.9277,117878.198315
2025-07-30 21:04:21,0.4952725051440329,117101.3067,117847.43296
2025-07-30 22:01:44,0.4957152777777778,117270.6902,117816.35106000002
2025-07-30 23:09:13,0.49623598251028805,117460.7302,117787.791765
2025-07-31 00:03:15,0.4966529063786008,117827.8042,117771.38493500001
2025-07-31 01:04:19,0.49712409979423866,118345.6687,117789.43968
2025-07-31 02:03:57,0.49758423353909464,118030.5569,117793.02820500001
2025-07-31 03:08:50,0.4980848765432099,118444.7386,117800.781025
2025-07-31 04:01:56,0.4984945987654321,118481.3285,117817.01539
2025-07-31 05:06:13,0.4989906121399177,118515.7845,117825.24261
2025-07-31 06:03:46,0.499434670781893,118343.3488,117835.86931499999
2025-07-31 07:04:13,0.4999011059670782,118669.2778,117864.98260000002
2025-07-31 08:04:14,0.5003641975308643,118653.7133,117919.862315
2025-07-31 09:04:35,0.5008298611111112,118565.8209,117960.78211999999
2025-07-31 10:03:50,0.501287037037037,118603.9216,118004.94042
2025-07-31 11:08:16,0.5017842078189301,118536.7015,117999.57577499999
2025-07-31 12:05:36,0.5022265946502058,118356.0782,118018.80943500002
2025-07-31 13:04:06,0.5026779835390947,118563.4792,118058.26623
2025-07-31 14:09:20,0.5031813271604938,118501.7705,118094.57810500001
2025-07-31 15:04:44,0.5036087962962963,118022.1461,118159.339705
2025-07-31 16:04:35,0.5040706018518518,118289.3317,118229.20990500001
2025-07-31 17:09:28,0.504571244855967,118335.976,118290.94337
2025-07-31 18:08:41,0.5050281635802469,117740.4921,118314.43346499998
2025-07-31 19:09:18,0.5054958847736626,117653.925,118324.09320500001
2025-07-31 20:04:35,0.5059224537037037,116820.7512,118273.740555
2025-07-31 21:05:11,0.5063900462962962,116489.7645,118180.94534499999
2025-07-31 22:03:48,0.5068423353909465,116391.8469,118099.009845
2025-07-31 23:07:51,0.5073365483539095,116112.8291,117982.41436999998
2025-08-01 00:08:35,0.5078051697530864,115744.9915,117845.59752
2025-08-01 01:05:26,0.5082438271604939,115457.873,117692.70194500001
2025-08-01 02:00:33,0.5086691100823045,115193.267,117535.197855
2025-08-01 03:08:33,0.5091938014403292,115881.7385,117395.82089
2025-08-01 04:04:58,0.5096291152263375,115593.0247,117242.78646
2025-08-01 05:06:53,0.5101068672839506,115653.792,117097.18501500001
2025-08-01 06:03:35,0.5105443672839506,115567.0681,116945.34234000002
2025-08-01 07:04:21,0.5110132458847737,115137.4819,116775.38136000003
2025-08-01 08:04:29,0.511477237654321,114917.3836,116603.44662999999
2025-08-01 09:04:41,0.5119417438271605,114825.5609,116416.55071499999
2025-08-01 10:06:29,0.5124185956790124,114922.6478,116237.59457999999
2025-08-01 11:08:39,0.5128982767489711,114737.3995,116073.35725
2025-08-01 12:09:01,0.5133640689300412,115259.2264,115921.851985
2025-08-01 13:03:50,0.513787037037037,115722.3935,115791.17286
2025-08-01 14:04:24,0.5142543724279836,114321.8301,115620.23976
2025-08-01 15:09:08,0.5147538580246913,115457.0552,115510.39627
2025-08-01 16:04:40,0.5151823559670782,115341.3105,115436.424235
2025-08-01 17:07:23,0.5156662808641975,115001.6836,115362.02019
2025-08-01 18:04:25,0.5161063528806584,114390.7743,115261.96656000002
2025-08-01 19:04:00,0.5165661008230452,113789.0618,115145.77819499999
2025-08-01 20:02:42,0.5170190329218107,113288.235,115022.94037000001
2025-08-01 21:04:09,0.5174931841563786,113893.8418,114944.73880999998
2025-08-01 22:08:54,0.5179927983539094,113899.4316,114880.04704
2025-08-01 23:09:10,0.5184578189300412,113069.9349,114739.45685999999
2025-08-02 00:08:47,0.518917824074074,113252.1245,114622.41185
2025-08-02 01:09:00,0.5193824588477366,113832.0855,114531.326525
2025-08-02 02:02:27,0.5197948816872427,113578.4958,114431.89790999999
2025-08-02 03:08:41,0.5203059413580247,113673.7462,114358.71112499999
2025-08-02 04:08:21,0.5207663323045267,113852.3864,114305.461265
2025-08-02 05:02:47,0.5211863425925926,113967.984,114262.58242000002
2025-08-02 06:03:43,0.5216565072016461,113942.3227,114213.56616500001
2025-08-02 07:04:48,0.522127829218107,113655.0681,114159.44959499998
2025-08-02 08:04:06,0.522585390946502,113959.3445,114094.4555
2025-08-02 09:03:40,0.5230450102880658,113672.3665,113991.95415
2025-08-02 10:03:44,0.523508487654321,113637.5619,113957.74074000001
2025-08-02 11:04:23,0.5239764660493827,113556.1431,113862.695135
2025-08-02 12:09:05,0.5244756944444444,113723.0649,113781.78285500003
2025-08-02 13:01:42,0.5248816872427984,113608.9092,113712.144135
2025-08-02 14:08:55,0.52540033436214,113459.1698,113665.56391
2025-08-02 15:05:53,0.5258398919753087,113019.5125,113627.086445
2025-08-02 16:04:32,0.526292438271605,112875.598,113606.45459499999
2025-08-02 17:08:22,0.5267849794238683,113176.4203,113570.58352000001
2025-08-02 18:08:57,0.5272524434156378,112758.5252,113513.5382
2025-08-02 19:09:03,0.5277161779835391,112296.379,113474.86040500001
2025-08-02 20:04:23,0.5281431327160494,112368.1497,113430.66166499999
2025-08-02 21:00:27,0.5285757458847736,112549.7837,113366.54657500001
2025-08-02 22:08:59,0.5291045524691358,112896.8048,113332.46202500002
2025-08-02 23:08:37,0.5295646862139918,112869.3978,113292.24460500001
2025-08-03 00:08:57,0.5300302211934156,112572.128,113228.231685
2025-08-03 01:08:25,0.5304890689300411,112894.6994,113174.56745499998
2025-08-03 02:02:59,0.5309101080246914,113073.6577,113131.13420499998
2025-08-03 03:07:29,0.5314077932098765,113457.5218,113121.25689
2025-08-03 04:09:09,0.531883616255144,113649.5426,113105.76679499999
2025-08-03 05:08:55,0.5323447788065844,113435.8288,113093.93991
2025-08-03 06:03:47,0.5327681327160494,113577.7917,113090.95139999999
2025-08-03 07:04:49,0.5332390689300411,113567.1688,113091.502685
2025-08-03 08:04:02,0.533695987654321,113668.1993,113088.75940500002
2025-08-03 09:09:21,0.5341999742798353,113670.8629,113091.85709000002
2025-08-03 10:08:33,0.5346567644032921,113638.4131,113100.81925499998
2025-08-03 11:08:01,0.5351156121399177,113912.5736,113145.47231000001
2025-08-03 12:09:40,0.5355913065843622,113866.7216,113195.02848999998
2025-08-03 13:07:31,0.5360376800411523,114046.8138,113238.548165
2025-08-03 14:04:22,0.5364763374485597,113941.7911,113297.71145999999
2025-08-03 15:06:40,0.5369570473251029,113782.638,113372.02441
2025-08-03 16:07:24,0.5374256687242799,113926.7019,113449.95202
2025-08-03 17:05:59,0.5378777006172839,113964.7747,113520.70156999999
2025-08-03 18:00:44,0.5383001543209877,114042.9956,113578.01110999999
2025-08-03 19:00:42,0.5387628600823046,114347.9486,113651.93865
2025-08-03 20:02:32,0.5392399691358025,114310.9675,113738.88062499999
2025-08-03 21:08:39,0.539750128600823,114396.6229,113813.97679999999
2025-08-03 22:09:37,0.5402205504115226,114398.3353,113880.21068000002
2025-08-03 23:04:37,0.540644933127572,114319.438,113923.30648999999
2025-08-04 00:08:55,0.5411410751028807,114235.1022,113952.58447
2025-08-04 01:03:20,0.5415609567901235,114869.248,114024.25542999999
2025-08-04 02:09:08,0.5420686728395062,114666.5993,114078.69580999999
2025-08-04 03:04:08,0.5424930555555556,114776.2567,114139.150205
2025-08-04 04:00:34,0.5429284979423868,114621.9232,114186.83639999999
2025-08-04 05:07:27,0.5434445730452675,114348.2913,114220.70782000001
2025-08-04 06:08:08,0.5439128086419753,114382.0868,114257.89150500002
2025-08-04 07:08:42,0.5443801440329218,114449.1175,114284.7187
2025-08-04 08:09:22,0.5448482510288066,114690.8457,114325.92490500002
2025-08-04 09:04:17,0.5452719907407407,114543.9603,114350.78223000001
2025-08-04 10:00:20,0.545704475308642,114442.5496,114375.82015500001
2025-08-04 11:08:45,0.5462323816872428,114292.1574,114401.296125
2025-08-04 12:08:58,0.5466970164609054,114454.1177,114427.666915
2025-08-04 13:09:38,0.5471651234567901,114408.4738,114449.85187000001
2025-08-04 14:04:50,0.5475910493827161,114795.9872,114487.50145000001
2025-08-04 15:04:02,0.5480478395061729,114761.9138,114508.19970999999
2025-08-04 16:04:56,0.5485177469135802,114831.3139,114534.21703000001
2025-08-04 17:09:51,0.5490186471193416,115347.8425,114581.77801000001
2025-08-04 18:09:07,0.5494759516460905,115196.6296,114621.692725
2025-08-04 19:10:52,0.5499524176954732,114928.0751,114652.12458000002
2025-08-04 20:01:30,0.5503431069958847,114765.8423,114678.661585
2025-08-04 21:03:50,0.5508240740740741,114874.1184,114678.90510499998
2025-08-04 22:09:42,0.551332304526749,115143.7145,114702.760865
2025-08-04 23:04:07,0.5517521862139918,115291.2159,114728.508825
2025-08-05 00:09:49,0.5522591306584362,115030.8097,114748.95315
2025-08-05 01:03:59,0.5526770833333333,114871.1844,114775.097805
2025-08-05 02:04:25,0.5531433899176955,114735.3996,114792.763445
2025-08-05 03:08:40,0.553639146090535,114717.4822,114806.18168000001
2025-08-05 04:04:45,0.5540718878600823,114256.2581,114784.45229999998
2025-08-05 05:08:40,0.5545650720164609,114366.7295,114775.59076
2025-08-05 06:05:34,0.5550041152263374,114372.0952,114772.06804
2025-08-05 07:04:04,0.5554555041152264,114149.6397,114764.94215499998
2025-08-05 08:04:55,0.5559250257201646,113952.075,114739.84002
2025-08-05 09:09:12,0.5564210390946502,114292.6219,114734.047425
2025-08-05 10:03:54,0.5568431069958848,114683.0806,114728.402095
2025-08-05 11:09:42,0.5573508230452675,114783.8309,114729.49795000002
2025-08-05 12:09:03,0.5578087705761317,114789.3179,114727.39815
2025-08-05 13:00:44,0.558207561728395,113993.9515,114659.70360000001
2025-08-05 14:03:45,0.5586938014403292,114353.4824,114617.54623999998
2025-08-05 15:04:11,0.5591601080246914,112866.5534,114514.47015499999
2025-08-05 16:09:31,0.5596642232510288,112919.7628,114422.16618000001
2025-08-05 17:09:33,0.5601274434156378,113148.6562,114335.89307000002
2025-08-05 18:09:34,0.5605905349794239,113553.5096,114256.38282500001
2025-08-05 19:00:48,0.560985853909465,113385.7992,114161.11199
2025-08-05 20:01:07,0.5614512602880658,113543.5282,114086.747915
2025-08-05 21:09:02,0.5619753086419753,113596.5393,114023.01565999999
2025-08-05 22:09:57,0.5624453446502058,113436.0817,113958.049765
2025-08-05 23:08:25,0.5628964763374485,113954.9222,113919.921765
2025-08-06 00:09:10,0.5633652263374486,114097.7645,113911.99708500001
2025-08-06 01:09:11,0.5638283179012346,113820.0966,113884.66543999998
2025-08-06 02:08:08,0.5642831790123457,113813.928,113856.75707999998
2025-08-06 03:08:46,0.5647510288065843,113604.5018,113829.50018500001
2025-08-06 04:09:30,0.5652196502057614,113515.5265,113807.67276000002
2025-08-06 05:09:38,0.5656836419753086,113469.7669,113766.53000999999
2025-08-06 06:00:36,0.5660769032921811,114133.7613,113739.06404499998
2025-08-06 07:09:29,0.5666084104938272,114083.7536,113704.06018
2025-08-06 08:09:16,0.5670697016460905,114200.3921,113674.61389
2025-08-06 09:00:40,0.5674663065843621,113881.6747,113669.00004999999
2025-08-06 10:04:52,0.5679616769547325,114123.5875,113657.50530500003
2025-08-06 11:02:39,0.5684075360082305,114036.8378,113716.01952500001
2025-08-06 12:09:10,0.5689207818930041,114197.2019,113779.89147999999
2025-08-06 13:04:11,0.5693452932098766,113924.3295,113818.67514499999
2025-08-06 14:08:06,0.5698384773662551,114359.6774,113858.98353499998
2025-08-06 15:10:21,0.5703188014403292,114949.5358,113937.170365
2025-08-06 16:09:34,0.5707757201646091,115436.2209,114031.80500000001
2025-08-06 17:09:07,0.5712352109053498,115134.5196,114108.704015
2025-08-06 18:05:36,0.5716710390946502,115562.5042,114215.02514
2025-08-06 19:10:54,0.5721748971193416,115487.5719,114291.65762499999
2025-08-06 20:09:19,0.5726256430041152,115210.4083,114347.28981499998
2025-08-06 21:09:46,0.5730920781893004,115110.7907,114411.82452
2025-08-06 22:09:44,0.5735547839506173,115114.7825,114476.86724500002
2025-08-06 23:08:08,0.5740054012345679,115132.547,114553.269505
2025-08-07 00:09:21,0.5744777520576132,115013.3914,114628.16274999999
2025-08-07 01:09:16,0.5749400720164609,114913.5081,114700.34981
2025-08-07 02:09:47,0.5754070216049383,114721.0501,114729.71424999999
2025-08-07 03:03:39,0.5758226594650205,114559.3486,114753.49399999999
2025-08-07 04:08:58,0.576326646090535,114594.5842,114773.203605
2025-08-07 05:04:20,0.5767538580246914,114334.9821,114795.86897500002
2025-08-07 06:01:41,0.5771963734567901,114556.3827,114817.50873500001
2025-08-07 07:06:07,0.5776935442386831,114733.2567,114852.32968
2025-08-07 08:08:46,0.5781769547325103,114905.2082,114887.72999500002
2025-08-07 09:04:17,0.5786053240740741,114988.6698,114940.94701
2025-08-07 10:09:17,0.5791068672839507,115244.2036,114985.17331999999
2025-08-07 11:04:34,0.5795334362139918,116385.9384,115056.99345
2025-08-07 12:04:32,0.5799961419753087,116594.2851,115114.89666
2025-08-07 13:04:24,0.5804580761316872,116274.7375,115171.90755500001
2025-08-07 14:09:21,0.5809592335390946,116539.3685,115220.75077
2025-08-07 15:01:37,0.5813625257201646,116351.8411,115263.96423
2025-08-07 16:09:28,0.5818860596707819,116725.6322,115339.72542499998
2025-08-07 17:09:17,0.5823476080246913,116273.8731,115397.879545
2025-08-07 18:04:16,0.5827718621399177,116486.9901,115466.48992499997
2025-08-07 19:09:41,0.5832766203703704,116575.8126,115538.65320500001
2025-08-07 20:09:32,0.583738425925926,117425.4514,115659.25620499998
2025-08-07 21:06:25,0.5841773405349794,117239.2356,115775.54258000001
2025-08-07 22:09:00,0.5846602366255144,117166.48,115897.814075
2025-08-07 23:03:31,0.5850808899176955,117596.4914,116049.67121500001
2025-08-08 00:04:50,0.585554012345679,117466.1808,116193.251045
2025-08-08 01:04:19,0.5860129886831276,117310.7521,116342.03954499999
2025-08-08 02:00:28,0.5864462448559671,116881.5587,116458.29834499999
2025-08-08 03:09:10,0.5869763374485597,116755.3711,116559.40406500001
2025-08-08 04:00:23,0.5873715277777778,116742.9905,116651.29318
2025-08-08 05:04:15,0.5878643261316873,116766.0558,116740.16248000001
2025-08-08 06:04:35,0.5883298611111111,116572.4143,116806.573015
2025-08-08 07:08:51,0.5888257458847737,116691.757,116821.86394500002
2025-08-08 08:09:11,0.5892912808641976,116800.7373,116832.186555
2025-08-08 09:09:11,0.5897542438271605,116587.1807,116847.80871499998
2025-08-08 10:04:16,0.5901792695473251,116719.3074,116856.80566
2025-08-08 11:09:46,0.590684670781893,116600.5129,116869.23925000001
2025-08-08 12:09:51,0.5911482767489712,116872.2985,116876.57256500001
2025-08-08 13:09:26,0.591608024691358,116542.5326,116890.00554000001
2025-08-08 14:09:29,0.5920713734567902,117038.2668,116917.569375
2025-08-08 15:09:34,0.5925349794238683,116473.4586,116912.45167499999
2025-08-08 16:04:07,0.5929558899176954,116170.2755,116849.69288000002
2025-08-08 17:04:52,0.5934246399176955,116220.3701,116798.74960499999
2025-08-08 18:04:29,0.5938846450617284,116666.6796,116773.75958499999
2025-08-08 19:04:14,0.5943456790123457,116506.9448,116719.282255
2025-08-08 20:04:00,0.594806841563786,116449.7503,116668.46073
2025-08-08 21:09:38,0.5953132716049383,116834.1279,116644.62952
2025-08-08 22:02:52,0.5957240226337449,116951.4306,116648.123115
2025-08-08 23:05:57,0.5962107767489712,116895.0208,116655.10559999998
2025-08-09 00:06:47,0.5966801697530865,116686.7247,116652.29231
2025-08-09 01:09:28,0.5971638374485597,116611.6749,116644.57326499998
2025-08-09 02:09:05,0.5976238425925926,116566.6433,116644.284715
2025-08-09 03:04:22,0.5980504115226337,116441.1954,116631.756635
2025-08-09 04:03:56,0.5985100308641975,116397.6793,116611.60373500001
2025-08-09 05:09:05,0.5990127314814815,116423.5336,116603.42138
2025-08-09 06:09:43,0.5994805812757201,116708.2256,116602.86729
2025-08-09 07:04:46,0.5999053497942387,116653.895,116605.53639499999
2025-08-09 08:09:55,0.6004080504115227,116768.2721,116600.335075
2025-08-09 09:09:39,0.6008689557613168,117077.7652,116627.09670499999
2025-08-09 10:11:12,0.6013438786008231,117533.0938,116651.83805500001
2025-08-09 11:04:23,0.6017542438271605,117441.6757,116700.24891
2025-08-09 12:09:31,0.6022568158436215,117108.4619,116747.15822999999
2025-08-09 13:01:35,0.6026585648148148,117097.5031,116791.01488
2025-08-09 14:00:57,0.6031166409465021,116996.9214,116807.52697
2025-08-09 15:04:23,0.6036060956790124,116965.9313,116830.47629499999
2025-08-09 16:04:30,0.6040699588477366,116845.4042,116850.25899
2025-08-09 17:03:27,0.6045248199588478,116667.7337,116841.93928
2025-08-09 18:09:00,0.6050306069958847,116660.842,116827.40985000001
2025-08-09 19:08:36,0.6054904835390946,116647.0573,116815.011675
2025-08-09 20:09:30,0.605960390946502,116541.0758,116807.72923000001
2025-08-09 21:09:42,0.6064248971193416,116772.1051,116815.75074
2025-08-09 22:00:52,0.6068197016460906,116558.886,116815.36287499999
2025-08-09 23:03:31,0.6073031121399177,116566.5146,116821.62883500001
2025-08-10 00:04:22,0.607772633744856,116500.7546,116826.78259999999
2025-08-10 01:04:44,0.6082384259259259,116751.171,116843.16447
2025-08-10 02:09:51,0.6087408693415638,116590.0013,116837.25325500002
2025-08-10 03:09:40,0.6092024176954732,117185.6437,116863.84069000001
2025-08-10 04:09:40,0.6096653806584362,118538.6592,116952.36004500001
2025-08-10 05:05:34,0.61009670781893,118475.542,117022.24888500001
2025-08-10 06:08:46,0.6105843621399177,118131.4207,117052.16523
2025-08-10 07:02:32,0.6109992283950617,118090.6234,117084.61261499999
2025-08-10 08:09:49,0.6115183899176955,117703.5688,117114.36796000002
2025-08-10 09:04:25,0.6119396862139918,118334.5845,117176.22202999999
2025-08-10 10:03:31,0.6123957047325103,118274.4145,117240.096685
2025-08-10 11:06:37,0.6128825874485597,118029.6022,117293.28023
2025-08-10 12:09:20,0.613366512345679,118379.7656,117369.9983
2025-08-10 13:08:50,0.6138256172839506,118555.1486,117464.36904499998
2025-08-10 14:08:45,0.6142879372427984,118525.1206,117557.582975
2025-08-10 15:04:12,0.61471579218107,118769.1812,117663.68917
2025-08-10 16:08:52,0.6152147633744856,118850.9744,117779.1841
2025-08-10 17:04:57,0.6156475051440329,118651.2371,117873.14070000002
2025-08-10 18:03:00,0.6160954218106995,118529.3247,117971.662635
2025-08-10 19:08:53,0.6166037808641975,118544.2585,118070.54982999999
2025-08-10 20:08:34,0.6170643004115226,118667.4911,118178.88665500001
2025-08-10 21:09:58,0.6175380658436214,118199.1829,118251.28725000001
2025-08-10 22:09:35,0.6179980709876544,118706.0095,118357.08765999999
2025-08-10 23:03:50,0.6184166666666666,119034.7395,118449.54245
2025-08-11 00:06:07,0.6188972479423869,119248.4483,118485.03190500001
2025-08-11 01:08:22,0.6193775720164609,119164.9195,118519.50078
2025-08-11 02:03:48,0.6198052983539095,119884.4357,118607.15152999999
2025-08-11 03:09:41,0.6203136574074074,121778.2204,118791.53137999999
2025-08-11 04:08:59,0.6207712191358025,121768.1396,118994.75992000001
2025-08-11 05:04:53,0.6212025462962963,122019.4735,119179.00437000001
2025-08-11 06:02:18,0.6216455761316872,122002.4453,119365.40591
2025-08-11 07:04:47,0.622127700617284,122227.4693,119575.299265
2025-08-11 08:09:11,0.6226246141975309,121429.2532,119727.773645
2025-08-11 09:13:59,0.6231246141975308,121631.0659,119881.56951000002
2025-08-11 10:04:11,0.6235119598765432,121335.5775,120022.092355
2025-08-11 11:05:00,0.6239812242798354,121120.1438,120139.64048500001
2025-08-11 12:04:23,0.6244394290123457,120483.1747,120221.2505
2025-08-11 13:08:17,0.6249324845679012,119580.9498,120267.73613499998
2025-08-11 14:04:08,0.625363425925926,119923.9514,120337.46747
2025-08-11 15:09:39,0.6258689557613168,120124.3733,120416.47321000001
2025-08-11 16:09:27,0.6263303755144033,120305.3318,120498.365245
2025-08-11 17:04:30,0.6267551440329218,120014.1185,120589.112025
2025-08-11 18:08:12,0.6272466563786008,119380.1933,120622.821215
2025-08-11 19:04:24,0.6276802983539095,119751.575,120658.66299000001
2025-08-11 20:04:33,0.6281444187242798,118883.5238,120640.416765
2025-08-11 21:03:01,0.6285955504115226,118962.1053,120630.276055
2025-08-11 22:09:18,0.6291069958847737,118589.4928,120565.52891000002
2025-08-11 23:08:06,0.6295606995884774,118817.4564,120417.49071000001
2025-08-12 00:02:30,0.6299804526748971,118726.761,120265.42178
2025-08-12 01:09:46,0.6304994855967078,118904.6828,120109.682245
2025-08-12 02:14:30,0.6309989711934156,118967.3797,119957.92896500001
2025-08-12 03:08:49,0.6314180812757202,119064.8311,119799.79705500002
2025-08-12 04:02:18,0.6318307613168724,118826.44,119669.65639500001
2025-08-12 05:08:46,0.632343621399177,118875.114,119531.8588
2025-08-12 06:08:59,0.6328082561728395,118818.9786,119406.02885500001
2025-08-12 07:08:53,0.6332704475308641,118904.7424,119295.258785
2025-08-12 08:09:12,0.6337358539094651,118924.7886,119217.33948000001
2025-08-12 09:09:39,0.6342022890946502,118838.0791,119180.195945
2025-08-12 10:10:38,0.6346728395061728,118378.1594,119102.906345
2025-08-12 11:01:38,0.6350663580246914,118478.0584,119020.5906
2025-08-12 12:02:37,0.635536908436214,118506.5836,118930.65319000001
2025-08-12 13:03:23,0.636005787037037,119166.5675,118888.27564
2025-08-12 14:10:17,0.6365219907407408,118903.5841,118864.44518000001
2025-08-12 15:05:46,0.6369501028806585,119433.3418,118848.53352000001
2025-08-12 16:07:17,0.6374247685185185,119934.6185,118901.088255
2025-08-12 17:04:22,0.6378652263374486,119630.3605,118934.501015
2025-08-12 18:04:40,0.6383305041152263,119308.4941,118970.45107999998
2025-08-12 19:09:39,0.6388319187242798,119411.0108,119000.12879999999
2025-08-12 20:11:50,0.6393117283950617,119625.0394,119045.04272
2025-08-12 21:09:59,0.6397604166666667,120016.4832,119100.63273999999
2025-08-12 22:09:30,0.6402196502057613,119804.2711,119142.47730999999
2025-08-12 23:09:30,0.6406826131687243,119999.1574,119189.19362499999
2025-08-13 00:10:07,0.64115033436214,120106.0971,119253.17648
2025-08-13 01:00:50,0.6415416666666667,119719.1794,119295.37975
2025-08-13 02:08:16,0.6420619855967078,119344.7527,119321.66845499999
2025-08-13 03:04:46,0.6424979423868312,119565.5467,119354.70866999999
2025-08-13 04:04:03,0.6429553755144033,119476.8103,119382.30975499998
2025-08-13 05:09:51,0.643463091563786,119329.2208,119406.86684
2025-08-13 06:04:17,0.6438831018518518,119019.9875,119438.95824499999
2025-08-13 07:04:22,0.64434670781893,119400.0824,119485.05944499999
2025-08-13 08:05:45,0.6448203446502058,119447.2932,119532.09492499998
2025-08-13 09:04:22,0.645272633744856,119961.3174,119571.83241999999
2025-08-13 10:06:18,0.6457505144032922,120088.7052,119631.088475
2025-08-13 11:05:44,0.6462091049382716,120489.2165,119683.88221
2025-08-13 12:04:54,0.6466656378600824,120659.9397,119720.14827
2025-08-13 13:08:36,0.6471571502057614,120334.658,119755.363145
2025-08-13 14:00:42,0.6475591563786008,121481.7736,119864.02712000001
2025-08-13 15:09:07,0.6480870627572016,121125.2869,119949.740925
2025-08-13 16:08:48,0.6485475823045268,121171.2744,120027.052675
2025-08-13 17:01:02,0.6489506172839506,121432.3443,120097.84573000002
2025-08-13 18:02:07,0.6494219393004115,121796.3879,120197.45157
2025-08-13 19:02:34,0.6498883744855967,121573.5514,120276.17127
2025-08-13 20:09:01,0.6504011059670782,122736.1684,120407.674835
2025-08-13 21:09:23,0.6508668981481481,122850.4748,120564.23960500001
2025-08-13 22:04:11,0.651289737654321,122655.9237,120729.798155
2025-08-13 23:05:46,0.6517649176954733,123066.191,120904.83037000001
2025-08-14 00:04:14,0.652216049382716,123419.3344,121101.956575
2025-08-14 01:04:45,0.6526829989711934,123770.0503,121323.99804999998
2025-08-14 02:22:42,0.6532844650205761,123566.4526,121551.32130500002
2025-08-14 03:14:19,0.6536827417695473,123782.0801,121770.42119
2025-08-14 03:21:25,0.6537375257201646,123732.1096,121984.66201000001
2025-08-14 04:09:46,0.6541105967078189,123429.5512,122158.0737
2025-08-14 05:09:12,0.6545691872427983,123133.5038,122310.31362999999
2025-08-14 06:04:49,0.6549983281893004,122081.4074,122389.92317499997
2025-08-14 07:02:44,0.6554452160493827,121814.8757,122447.669975
2025-08-14 08:10:29,0.6559679783950617,121835.4214,122522.708145
2025-08-14 09:08:46,0.656417695473251,121704.7226,122533.855595
2025-08-14 10:09:11,0.6568838734567901,121611.5815,122558.170325
2025-08-14 11:09:30,0.6573492798353909,120911.8576,122545.19948499999
2025-08-14 12:05:50,0.6577839506172839,120915.1358,122519.33906
2025-08-14 13:09:23,0.6582743055555556,119324.0939,122395.72436
2025-08-14 14:06:57,0.6587184927983539,118348.9031,122234.49194500002
2025-08-14 15:09:08,0.6591983024691358,118766.8877,122036.02790999999
2025-08-14 16:02:16,0.6596082818930041,118220.4239,121804.52536499998
2025-08-14 17:02:53,0.6600760030864198,117846.8294,121564.07065000001
2025-08-14 18:03:28,0.6605434670781893,117907.6996,121306.14608
2025-08-14 19:02:08,0.6609961419753086,118140.1518,121042.18695
2025-08-14 20:03:14,0.6614675925925926,117999.9219,120753.68053000001
2025-08-14 21:01:49,0.6619196244855967,117972.5006,120473.98292999998
2025-08-14 22:02:56,0.6623912037037037,117848.0006,120177.27895499999
2025-08-14 23:03:09,0.6628558384773663,118327.4725,119907.0471
2025-08-15 00:03:27,0.663321116255144,118387.7694,119654.95801000002
2025-08-15 01:00:38,0.6637623456790124,118319.4733,119414.25648499999
2025-08-15 02:01:36,0.6642327674897119,118766.7101,119248.52162000001
2025-08-15 03:00:36,0.6646880144032922,118785.9332,119097.074495
2025-08-15 04:01:48,0.6651602366255144,119049.7203,118957.78944000001
2025-08-15 05:03:19,0.6656349022633745,118938.1447,118819.46054500001
2025-08-15 06:01:35,0.6660844907407407,119044.658,118691.11437
2025-08-15 07:02:27,0.666554140946502,119160.5154,118603.54725999999
2025-08-15 08:03:03,0.6670217335390947,119084.852,118512.03306999998
2025-08-15 09:03:08,0.6674853395061728,118970.5463,118494.35569
2025-08-15 10:02:57,0.6679468878600823,118856.5972,118519.740395
2025-08-15 11:00:30,0.6683909465020577,118971.7061,118529.98131500001
2025-08-15 12:03:30,0.6688770576131687,119094.8029,118573.70026500002
2025-08-15 13:00:48,0.6693191872427984,118775.0914,118620.113365
2025-08-15 14:03:32,0.6698032407407407,117912.9387,118620.37532000002
2025-08-15 15:02:41,0.6702596450617284,117387.55,118582.74523
2025-08-15 16:00:23,0.6707048611111112,117367.4348,118551.120875
2025-08-15 17:01:08,0.6711736111111111,117407.4993,118522.87081
2025-08-15 18:01:04,0.6716360596707819,117670.628,118514.00218
2025-08-15 19:02:05,0.6721068672839506,117219.3334,118458.59522500001
2025-08-15 20:02:43,0.6725747170781893,117000.4112,118389.227315
2025-08-15 21:02:56,0.6730393518518518,117371.5015,118341.828725
2025-08-15 22:03:06,0.6735036008230453,117372.6539,118272.12591500001
2025-08-15 23:06:02,0.6739891975308642,117805.212,118223.089855
2025-08-16 00:00:46,0.6744115226337448,117396.5185,118140.42976500001
2025-08-16 01:03:07,0.6748926183127572,117800.7255,118083.558805
2025-08-16 02:03:08,0.6753557098765433,117954.9733,118029.07457000001
2025-08-16 03:02:51,0.6758164866255144,117569.5421,117949.525905
2025-08-16 04:02:57,0.6762802211934157,117533.9873,117871.98267000001
2025-08-16 05:02:25,0.6767390689300411,117903.7017,117818.64044000002
2025-08-16 06:07:20,0.6772399691358024,117696.3214,117760.62664999999
2025-08-16 07:07:25,0.6777035751028807,117451.0233,117684.59250999999
2025-08-16 08:03:10,0.6781337448559671,117663.7925,117613.04198999998
2025-08-16 09:01:13,0.6785816615226338,117657.1359,117557.14421500001
2025-08-16 10:02:09,0.6790518261316872,117411.1013,117532.05234500002
2025-08-16 11:02:54,0.6795205761316873,117466.5517,117536.00243
2025-08-16 12:03:25,0.6799875257201646,117448.5773,117540.059555
2025-08-16 13:02:47,0.6804456018518519,117816.8336,117560.52627
2025-08-16 14:03:24,0.6809133230452675,117711.8126,117562.58550000002
2025-08-16 15:00:39,0.681355066872428,117817.3346,117592.48555999999
2025-08-16 16:02:51,0.681835005144033,117745.2975,117629.72987499999
2025-08-16 17:00:44,0.6822816358024691,117821.0063,117652.20511499999
2025-08-16 18:05:53,0.6827843364197531,117763.1405,117671.72944499999
2025-08-16 19:03:10,0.6832263374485597,117748.6988,117668.903785
2025-08-16 20:02:05,0.6836809413580247,117734.2281,117685.78926499998
2025-08-16 21:02:29,0.6841469907407407,117709.0219,117681.204085
2025-08-16 22:02:53,0.6846130401234568,117503.927,117658.65177
2025-08-16 23:07:33,0.6851120113168724,117484.7559,117654.41245999999
2025-08-17 00:05:46,0.6855612139917695,117397.5436,117647.590275
2025-08-17 01:02:58,0.6860025720164609,117369.5765,117620.884015
2025-08-17 02:02:44,0.6864637345679012,117521.5885,117612.14736999999
2025-08-17 03:02:14,0.6869228395061728,117663.3728,117622.764845
2025-08-17 04:00:02,0.6873688271604939,117784.9203,117628.82123500001
2025-08-17 05:00:35,0.6878360339506173,118146.9439,117653.311635
2025-08-17 06:03:06,0.6883184156378601,118082.7925,117686.896195
2025-08-17 07:02:45,0.6887786779835391,118027.5894,117714.94808
2025-08-17 08:02:27,0.6892393261316873,118094.97,117747.26771500001
2025-08-17 09:00:50,0.6896898148148148,118375.9512,117775.22359500002
2025-08-17 10:02:59,0.6901693672839506,118348.8923,117807.07758
2025-08-17 11:02:50,0.6906311728395061,118359.5057,117834.186135
2025-08-17 12:03:07,0.6910963220164609,118384.9219,117866.16735500001
2025-08-17 13:02:11,0.6915520833333333,118185.4747,117884.390775
2025-08-17 14:02:36,0.6920182613168724,118451.6207,117918.81478500001
2025-08-17 15:02:16,0.6924786522633745,118213.3697,117942.04832999999
2025-08-17 16:03:18,0.6929495884773662,118303.9214,117970.53299500002
2025-08-17 17:00:26,0.6933904320987654,118019.8399,117986.07389500001
2025-08-17 18:03:13,0.6938748713991769,117975.7857,118009.66683
2025-08-17 19:02:14,0.6943302469135803,117800.389,118025.44848500002
2025-08-17 20:03:19,0.6948015689300412,117659.9233,118038.56747000001
2025-08-17 21:02:23,0.6952573302469136,117744.5794,118057.31761500002
2025-08-17 22:03:22,0.6957278806584362,117792.2137,118070.848875
2025-08-17 23:01:54,0.6961795267489712,118004.7687,118087.91867
2025-08-18 00:02:30,0.6966471193415638,117519.3561,118074.64046
2025-08-18 01:03:14,0.6971157407407408,117293.7766,118031.98209500001
2025-08-18 02:02:53,0.6975760030864198,116457.3269,117950.70881499999
2025-08-18 03:01:30,0.69802829218107,115762.7229,117837.46549
2025-08-18 04:02:43,0.6985006430041152,115355.1536,117700.47467
2025-08-18 05:03:07,0.6989666923868313,115582.3977,117560.79699499998
2025-08-18 06:03:32,0.6994328703703704,115677.2437,117427.21456499999
2025-08-18 07:03:21,0.6998944187242798,115295.0233,117273.990445
2025-08-18 08:03:48,0.700360853909465,115338.9848,117121.69359
2025-08-18 09:00:27,0.7007979681069959,115197.405,116972.290105
2025-08-18 10:03:03,0.7012809927983539,115074.7801,116803.448075
2025-08-18 11:02:25,0.7017390689300411,115124.8733,116649.02325500001
2025-08-18 12:00:38,0.7021882716049382,115044.56,116486.05518499999
2025-08-18 13:02:19,0.7026642232510288,115527.0309,116361.414735
2025-08-18 14:02:13,0.7031264146090535,114995.27,116212.38895000001
2025-08-18 15:02:12,0.7035892489711935,115648.1947,116104.779235
2025-08-18 16:03:21,0.7040610853909465,116256.1205,116034.58909499999
2025-08-18 17:02:48,0.704519804526749,116083.8578,115951.553015
2025-08-18 18:03:17,0.7049864969135803,116717.5003,115897.81734500002
2025-08-18 19:03:07,0.7054481738683127,116612.6159,115828.20970500002
2025-08-18 20:02:47,0.7059085648148148,116359.6492,115770.22436000002
2025-08-18 21:02:34,0.7063698559670782,116467.1407,115728.89256499999
2025-08-18 22:01:27,0.7068242026748971,116713.4376,115741.69810000001
2025-08-18 23:02:51,0.7072979681069959,116445.1205,115775.81798
2025-08-19 00:06:58,0.7077926954732511,116315.1188,115823.81623999999
2025-08-19 01:02:57,0.7082246656378601,116578.6961,115873.63116000002
2025-08-19 02:02:55,0.7086873713991769,115840.823,115881.810125
2025-08-19 03:03:27,0.7091544495884774,115739.4171,115904.02981500002
2025-08-19 04:02:33,0.7096104681069959,114853.7957,115879.77036
2025-08-19 05:03:04,0.7100774176954733,115310.2293,115885.411575
2025-08-19 06:02:28,0.7105357510288066,115021.9782,115882.77148
2025-08-19 07:02:51,0.7110016718106996,114985.8957,115875.8226
2025-08-19 08:01:05,0.7114510030864197,115011.3344,115874.16132
2025-08-19 09:00:29,0.7119093364197531,115244.1046,115860.01500499998
2025-08-19 10:00:58,0.7123760288065843,115371.1865,115878.81083
2025-08-19 11:01:41,0.7128445216049383,115429.1662,115867.859405
2025-08-19 12:02:45,0.7133157150205761,115559.4472,115833.02574
2025-08-19 13:01:52,0.7137718621399177,115599.6151,115808.81360499999
2025-08-19 14:02:31,0.7142398405349795,115239.4879,115734.91298499999
2025-08-19 15:02:29,0.7147025462962963,114004.8867,115604.526525
2025-08-19 16:02:40,0.7151669238683127,113820.337,115477.560915
2025-08-19 17:01:02,0.7156172839506173,113404.0619,115324.406975
2025-08-19 18:00:55,0.7160793467078189,113494.5505,115163.46261999998
2025-08-19 19:05:35,0.7165783179012346,112832.7555,114982.84436999999
2025-08-19 20:02:42,0.7170190329218107,113271.6394,114830.67040000002
2025-08-19 21:02:24,0.7174796810699589,113497.5009,114676.61064
2025-08-19 22:02:24,0.7179426440329219,113414.5143,114555.295205
2025-08-19 23:00:35,0.7183915895061729,113170.1081,114426.829755
2025-08-20 00:02:24,0.7188685699588477,112896.3253,114328.956235
2025-08-20 01:00:37,0.7193177726337449,113221.3088,114224.51021000001
2025-08-20 02:00:43,0.7197815072016461,113038.6356,114125.34308000002
2025-08-20 03:02:13,0.7202560442386832,113436.8696,114047.891775
2025-08-20 04:02:17,0.7207195216049382,113499.881,113972.319105
2025-08-20 05:00:47,0.7211709104938272,113576.6334,113888.945545
2025-08-20 06:01:46,0.7216414609053498,113712.3445,113806.003445
2025-08-20 07:02:32,0.7221103395061729,113616.7781,113715.38404
2025-08-20 08:00:31,0.7225577417695473,113548.3258,113614.82797000001
2025-08-20 09:01:36,0.7230290637860083,113979.3789,113533.81616
2025-08-20 10:02:34,0.7234994855967078,113738.8726,113458.78539500001
2025-08-20 11:02:21,0.7239607767489712,113814.6075,113449.271435
2025-08-20 12:02:29,0.7244247685185186,113772.5953,113446.88435
2025-08-20 13:00:20,0.7248711419753087,113704.651,113461.91380499999
2025-08-20 14:01:07,0.7253401491769548,112721.5253,113423.26254500002
2025-08-20 15:05:18,0.7258353909465021,113468.7159,113455.060565
2025-08-20 16:00:45,0.7262632458847736,113364.1276,113459.68497500001
2025-08-20 17:02:43,0.726741383744856,113947.5873,113482.189295
2025-08-20 18:02:23,0.727201774691358,114200.2692,113521.47704
2025-08-20 19:02:29,0.7276655092592592,113588.0227,113542.37276999999
2025-08-20 20:02:37,0.7281295010288066,114227.6528,113608.939145
2025-08-20 21:01:38,0.7285848765432099,114351.9245,113665.46992999999
2025-08-20 22:02:11,0.7290520833333334,114422.9325,113734.68477500002
2025-08-20 23:02:02,0.7295138888888889,114590.4545,113792.36402000001
2025-08-21 00:01:42,0.729974279835391,114250.4317,113829.89155500001
2025-08-21 01:02:19,0.7304420010288066,114337.7269,113867.94623
2025-08-21 02:02:07,0.730903420781893,114723.4072,113918.49936500001
2025-08-21 03:01:12,0.7313593106995885,113987.8952,113937.05521999998
2025-08-21 04:01:31,0.7318247170781893,113987.1339,113958.99562500001
2025-08-21 05:02:02,0.7322916666666667,113808.2642,113950.43989000001
2025-08-21 06:02:33,0.732758616255144,113954.3873,113961.215625
2025-08-21 07:02:15,0.7332192644032922,113737.0281,113957.33665499999
2025-08-21 08:02:35,0.733684799382716,113890.136,113963.21369
2025-08-21 09:02:44,0.7341489197530864,113638.2292,113959.89259999999
2025-08-21 10:00:56,0.7345979938271605,113396.1777,113993.62522
2025-08-21 11:02:25,0.7350724022633744,113373.8028,113988.879565
2025-08-21 12:00:47,0.735522762345679,113132.2858,113977.28747499999
2025-08-21 13:01:50,0.7359938271604938,112952.5136,113927.53378999999
2025-08-21 14:02:58,0.7364655349794239,113504.9107,113892.76586500001
2025-08-21 15:02:30,0.7369248971193416,113266.2664,113876.67804999999
2025-08-21 16:01:48,0.7373824588477367,112773.3834,113803.96458
2025-08-21 17:02:05,0.7378476080246914,112398.3637,113706.28654
2025-08-21 18:02:04,0.7383104423868313,112379.8859,113604.13421
2025-08-21 19:02:22,0.738775720164609,112571.6554,113503.19425500001
2025-08-21 20:01:52,0.7392348251028806,112023.0616,113391.82574999999
2025-08-21 21:02:51,0.7397053755144033,112564.2155,113303.15018
2025-08-21 22:02:41,0.7401670524691358,112561.1837,113195.039005
2025-08-21 23:02:29,0.7406284722222222,112468.8476,113119.08662500003
2025-08-22 00:02:51,0.7410942644032922,112414.3999,113040.449925
2025-08-22 01:02:36,0.7415552983539094,112570.059,112978.539665
2025-08-22 02:01:26,0.7420092592592593,112817.8261,112921.71160499999
2025-08-22 03:01:24,0.7424719650205761,113266.6169,112898.19104500001
2025-08-22 04:01:49,0.7429381430041152,112933.1252,112850.340505
2025-08-22 05:00:44,0.7433927469135803,112787.8987,112807.82398000002
2025-08-22 06:02:26,0.7438688271604939,113216.1015,112798.82016999999
2025-08-22 07:02:36,0.7443330761316872,112999.0928,112780.08467000001
2025-08-22 08:02:24,0.7447944958847736,113108.7551,112778.90813499999
2025-08-22 09:02:41,0.7452596450617284,112993.4383,112780.95437
2025-08-22 10:02:37,0.7457220936213992,113074.4596,112759.43181499999
2025-08-22 11:02:22,0.7461831275720164,112521.5479,112722.19589000002
2025-08-22 12:01:38,0.7466404320987654,112288.3338,112697.94340999999
2025-08-22 13:02:32,0.7471103395061729,112360.0492,112696.02768500001
2025-08-22 14:02:48,0.7475753600823045,112497.0753,112701.88715499997
2025-08-22 15:02:36,0.748036779835391,115949.6482,112870.78679499999
2025-08-22 16:02:32,0.7484992283950618,116733.6296,113106.315195
2025-08-22 17:01:59,0.7489579475308642,116242.7758,113290.24321000002
2025-08-22 18:01:12,0.7494148662551441,116925.1511,113508.44157999998
2025-08-22 19:02:53,0.7498908179012346,116754.186,113722.7085
2025-08-22 20:04:21,0.7503650977366255,116630.9577,113933.53639
2025-08-22 21:00:39,0.7507995113168724,116893.1614,114149.69150999999
2025-08-22 22:02:25,0.7512761059670782,117016.4148,114359.620945
2025-08-22 23:03:02,0.7517438271604938,116690.8299,114530.831595
2025-08-23 00:01:49,0.7521974022633745,116897.5418,114729.052425
2025-08-23 01:00:34,0.7526507201646091,116840.2882,114931.6719
2025-08-23 02:02:12,0.7531262860082305,116431.2282,115092.428235
2025-08-23 03:02:13,0.7535893775720165,115820.5661,115233.50189999999
2025-08-23 04:02:18,0.7540529835390947,115506.4523,115353.38676
2025-08-23 05:02:39,0.7545186471193416,115836.0744,115495.518565
2025-08-23 06:02:01,0.7549767232510288,115916.1299,115637.60208000001
2025-08-23 07:02:44,0.7554452160493828,115686.0649,115795.82792999998
2025-08-23 08:02:16,0.7559045781893005,115756.2715,115969.22481500001
2025-08-23 09:03:05,0.7563738425925925,115734.9963,116137.97217
2025-08-23 10:02:47,0.7568344907407407,115693.1819,116297.77750000001
2025-08-23 11:02:07,0.7572923096707819,115518.5038,116276.22028000001
2025-08-23 12:00:00,0.7577389403292181,115274.0389,116203.240745
2025-08-23 13:02:23,0.7582202932098765,115135.1376,116147.858835
2025-08-23 14:01:35,0.7586770833333333,114821.4168,116042.67212
2025-08-23 15:02:46,0.7591491769547325,114686.3373,115939.279685
2025-08-23 16:02:24,0.7596093106995885,114783.2567,115846.894635
2025-08-23 17:02:12,0.7600707304526749,114971.8136,115750.82724500001
2025-08-23 18:02:37,0.760536908436214,115025.4753,115651.28027000002
2025-08-23 19:02:04,0.7609956275720164,115092.9271,115571.38513
2025-08-23 20:03:01,0.761465920781893,115099.373,115481.47669000001
2025-08-23 21:02:31,0.7619250257201646,115226.7298,115400.79877
2025-08-23 22:02:36,0.7623886316872428,115167.5358,115337.61415000001
2025-08-23 23:01:40,0.7628443930041152,115280.2065,115310.59617
2025-08-24 00:03:09,0.7633188014403293,115359.9835,115303.27273000001
2025-08-24 01:00:06,0.7637582304526749,115363.9973,115279.668875
2025-08-24 02:02:12,0.7642373971193416,115431.1806,115255.42141
2025-08-24 03:00:36,0.7646880144032921,115069.4307,115224.58970000001
2025-08-24 04:01:45,0.7651598508230453,114993.2427,115186.43826
2025-08-24 05:02:23,0.7656277006172839,115086.6011,115154.0185
2025-08-24 06:00:53,0.7660790895061729,114953.0301,115117.01091
2025-08-24 07:02:42,0.7665560699588477,114844.6185,115083.31664499998
2025-08-24 08:02:30,0.7670174897119342,114879.6908,115063.59923999998
2025-08-24 09:02:08,0.7674776234567902,114753.34,115044.50935999998
2025-08-24 10:01:43,0.767937371399177,114823.0331,115044.59017499999
2025-08-24 11:02:32,0.7684066358024692,114736.4536,115047.09598999999
2025-08-24 12:02:54,0.768872427983539,114695.2413,115042.69522
2025-08-24 13:02:47,0.7693344907407408,114614.3055,115024.81981500001
2025-08-24 14:01:09,0.7697848508230453,114578.6475,115002.47842500001
2025-08-24 15:02:00,0.7702543724279836,114472.1835,114971.441245
2025-08-24 16:01:54,0.7707165637860083,114369.6075,114934.95296999998
2025-08-24 17:02:02,0.7711805555555555,114250.2731,114886.13013500001
2025-08-24 18:01:59,0.7716431327160493,114367.7523,114846.14095999999
2025-08-24 19:02:33,0.7721104681069959,114566.0586,114810.433565
2025-08-24 20:00:39,0.7725587705761316,112217.2549,114653.297135
2025-08-24 21:02:42,0.7730375514403293,112698.9517,114520.04485499999
2025-08-24 22:02:54,0.7735020576131687,113061.2324,114401.54744499999
2025-08-24 23:02:32,0.7739621913580247,113414.7488,114318.81335
2025-08-25 00:02:31,0.7744250257201646,113399.5485,114239.12864000001
2025-08-25 01:00:55,0.7748756430041153,112585.4228,114114.069725
2025-08-25 02:02:28,0.7753505658436214,113023.4627,114017.591355
2025-08-25 03:01:53,0.7758090277777778,113415.2367,113946.12226500001
2025-08-25 04:02:21,0.776275591563786,113208.5593,113862.56569
2025-08-25 05:01:45,0.7767339248971193,112763.2192,113763.05965000002
2025-08-25 06:01:44,0.7771967592592592,112392.2154,113641.518765
2025-08-25 07:00:09,0.7776475051440329,111949.0739,113502.14978
2025-08-25 08:02:28,0.7781283436213992,111472.72,113341.02371499999
2025-08-25 09:03:08,0.778596450617284,111577.9671,113189.20679499998
2025-08-25 10:03:00,0.7790583847736625,111632.3278,113041.89080999998
2025-08-25 11:02:48,0.779519804526749,110955.9882,112866.081045
2025-08-25 12:02:25,0.7799798096707818,111218.6709,112708.53421500002
2025-08-25 13:01:53,0.7804386574074074,111492.0381,112570.622465
2025-08-25 14:02:35,0.7809070216049383,111321.3842,112418.30406
2025-08-25 15:02:59,0.7813730709876543,112210.112,112300.50673
2025-08-25 16:02:51,0.7818350051440329,112290.1746,112304.152715
2025-08-25 17:00:56,0.7822831790123457,112547.5126,112296.58076000001
2025-08-25 18:02:43,0.7827599022633744,112497.5794,112268.39811
2025-08-25 19:01:53,0.7832164351851851,112386.5111,112216.986225
2025-08-25 20:03:34,0.7836923868312757,110909.8393,112092.500765
2025-08-25 21:02:57,0.784150591563786,109690.8373,111947.77149
2025-08-25 22:02:55,0.7846132973251029,110180.9849,111805.6476
2025-08-25 23:03:22,0.7850797325102881,110239.0195,111646.83673999998
2025-08-26 00:00:50,0.7855231481481482,110185.3544,111495.67649499999
2025-08-26 01:00:41,0.7859849537037037,109214.1535,111318.22321
2025-08-26 02:02:19,0.7864605195473251,109728.828,111185.05384
2025-08-26 03:02:35,0.7869255401234568,109702.839,111072.742095
2025-08-26 04:02:28,0.7873876028806585,109901.69,110994.19059500001
2025-08-26 05:02:29,0.7878506944444444,110093.0242,110919.94345000002
2025-08-26 06:02:38,0.7883148148148148,110275.8705,110852.120585
2025-08-26 07:01:39,0.7887701903292181,110007.1536,110804.67885500002
2025-08-26 08:01:07,0.7892290380658437,110304.2722,110758.95891999998
2025-08-26 09:01:51,0.7896976594650206,110152.3555,110691.97478999998
2025-08-26 10:02:12,0.7901633230452675,110185.4591,110635.178535
2025-08-26 11:02:29,0.7906284722222222,110215.2782,110535.43684499999
2025-08-26 12:02:08,0.7910887345679012,109677.9347,110404.82485
2025-08-26 13:03:23,0.7915613425925926,110150.8422,110284.99133000002
2025-08-26 14:02:45,0.7920194187242798,109798.3097,110150.02784499999
2025-08-26 15:02:31,0.7924805812757202,110332.0807,110047.30632499998
2025-08-26 16:00:18,0.7929264403292181,109711.3281,109987.38076500001
2025-08-26 17:02:41,0.7934077932098765,109881.0343,109996.890615
2025-08-26 18:02:33,0.7938697273662552,109816.6073,109978.67173500001
2025-08-26 19:02:23,0.7943314043209877,110753.614,110004.40146000001
2025-08-26 20:02:34,0.7947957818930041,111094.404,110049.85393999999
2025-08-26 21:02:40,0.7952595164609053,111363.7021,110157.33137
2025-08-26 22:02:38,0.7957222222222222,111450.6357,110243.42175499999
2025-08-26 23:05:32,0.796207561728395,111889.7704,110352.768325
2025-08-27 00:02:25,0.7966464763374486,111842.71,110449.819325
2025-08-27 01:01:51,0.797105066872428,111365.025,110513.41936499998
2025-08-27 02:02:06,0.7975699588477366,111263.8226,110562.81697
2025-08-27 03:00:08,0.7980177469135803,111187.4958,110621.83408000002
2025-08-27 04:01:41,0.7984926697530864,111519.2722,110682.58408000002
2025-08-27 05:00:38,0.7989475308641976,111605.7581,110755.25421000001
2025-08-27 06:02:10,0.7994223251028807,111373.0831,110814.63541000002
2025-08-27 07:02:08,0.7998850308641975,111054.434,110856.5932
2025-08-27 08:02:46,0.8003528806584362,110692.4742,110907.320175
2025-08-27 09:01:45,0.8008079989711934,110711.8232,110935.369225
2025-08-27 10:06:33,0.8013079989711934,110979.2967,110994.41857499999
2025-08-27 11:01:06,0.8017289094650206,111006.1118,111028.12013000001
2025-08-27 12:02:34,0.8022031893004116,111315.8756,111108.347505
2025-08-27 13:01:01,0.8026541923868312,111337.1081,111181.15119500001
2025-08-27 14:01:52,0.8031237139917695,111484.2871,111264.535185
2025-08-27 15:02:10,0.8035889917695473,111885.4082,111321.12489499999
2025-08-27 16:02:19,0.8040531121399177,111952.5456,111364.031975
2025-08-27 17:02:14,0.8045154320987654,112146.4082,111403.16727999998
2025-08-27 18:02:46,0.8049825102880659,112370.9533,111449.18315999999
2025-08-27 19:02:37,0.8054443158436214,112117.9856,111460.59392000001
2025-08-27 20:02:13,0.8059041923868313,112036.438,111470.28031999999
2025-08-27 21:02:39,0.8063704989711934,112313.8664,111517.72239000001
2025-08-27 22:02:24,0.8068315329218106,111484.6608,111528.76430000001
2025-08-27 23:06:41,0.8073275462962963,111438.4339,111541.311205
2025-08-28 00:02:06,0.8077551440329218,111241.2926,111527.41222500001
2025-08-28 01:00:17,0.8082040895061728,111279.9841,111511.12352499999
2025-08-28 02:02:15,0.8086822273662552,111659.0742,111525.42308000001
2025-08-28 03:01:35,0.8091400462962963,111492.6228,111547.33252000001
2025-08-28 04:02:48,0.8096123971193415,111972.0029,111611.30895499999
2025-08-28 05:01:57,0.8100688014403292,112973.094,111724.37249499999
2025-08-28 06:02:32,0.8105362654320988,112796.1468,111815.21500000001
2025-08-28 07:02:29,0.8109988425925926,113194.2601,111924.62241499999
2025-08-28 08:02:24,0.8114611625514403,113084.5606,112013.056665
2025-08-28 09:02:29,0.8119247685185185,113079.8989,112100.196205
2025-08-28 10:02:17,0.8123861882716049,112851.5036,112168.55703
2025-08-28 11:02:51,0.8128535236625515,112984.1807,112223.495655
2025-08-28 12:02:33,0.8133141718106995,112994.8051,112275.60863
2025-08-28 13:02:20,0.813775462962963,113220.3058,112329.30351
2025-08-28 14:02:50,0.8142422839506173,112807.0085,112351.10627000002
2025-08-28 15:02:09,0.8146999742798354,113127.765,112401.59523999998
2025-08-28 16:00:38,0.8151512345679013,112672.5495,112433.40081500002
2025-08-28 17:02:30,0.8156286008230452,112471.3904,112441.277015
2025-08-28 18:02:53,0.8160945216049382,112395.3474,112486.81134499998
2025-08-28 19:02:40,0.8165558127572017,112405.2771,112535.15350499998
2025-08-28 20:03:07,0.8170222479423869,112053.8353,112575.78063999998
2025-08-28 21:00:57,0.8174684927983539,111946.7755,112609.12021
2025-08-28 22:02:02,0.8179398148148148,112029.053,112627.61915
2025-08-28 23:02:22,0.8184053497942387,112406.3705,112673.30653499998
2025-08-29 00:02:29,0.818869212962963,112512.681,112700.34044000001
2025-08-29 01:02:39,0.8193334619341563,112170.5684,112660.21416
2025-08-29 02:03:16,0.819801183127572,111479.6716,112594.39039999999
2025-08-29 03:01:43,0.8202521862139918,111441.3204,112506.743415
2025-08-29 04:02:43,0.8207228652263374,111740.8326,112439.55701499998
2025-08-29 05:02:31,0.8211842849794239,111537.0245,112362.413295
2025-08-29 06:00:28,0.8216314300411522,111271.1109,112283.39365999999
2025-08-29 07:02:52,0.8221129115226338,111229.5569,112195.66247000001
2025-08-29 08:02:52,0.8225758744855967,110056.4493,112048.74468
2025-08-29 09:03:03,0.8230402520576132,109672.5096,111871.35487
2025-08-29 10:02:44,0.8235007716049383,109833.9943,111722.70416
2025-08-29 11:02:08,0.8239591049382716,110038.8554,111568.25868000001
2025-08-29 12:00:26,0.8244089506172839,110063.0909,111437.78575
2025-08-29 13:02:48,0.8248901748971194,110692.1004,111348.82125
2025-08-29 14:00:35,0.8253360339506173,109303.468,111194.22728000002
2025-08-29 15:01:45,0.8258079989711934,108197.661,110983.846475
2025-08-29 16:01:50,0.8262716049382716,108417.7095,110802.040185
2025-08-29 17:02:12,0.8267373971193416,108664.1507,110637.908945
2025-08-29 18:02:46,0.827204732510288,108532.5028,110463.08143499999
2025-08-29 19:02:28,0.8276653806584362,108103.2316,110247.92449
2025-08-29 20:02:35,0.8281292438271605,108355.6215,110040.071515
2025-08-29 21:02:19,0.8285901491769547,107696.0863,109816.34741
2025-08-29 22:02:28,0.8290542695473251,108446.3745,109664.68255499999
2025-08-29 23:02:29,0.8295173611111111,108268.4161,109506.03734
2025-08-30 00:02:01,0.8299767232510288,108335.6332,109335.77737
2025-08-30 01:02:27,0.830443029835391,108246.5417,109171.25323
2025-08-30 02:02:29,0.83090625,107689.7522,108992.185295
2025-08-30 03:02:34,0.8313698559670782,107794.3711,108820.42600499999
2025-08-30 04:02:20,0.8318310185185185,108442.9297,108739.750025
2025-08-30 05:02:24,0.8322944958847737,108443.3806,108678.29357499999
2025-08-30 06:02:36,0.8327590020576132,108345.4375,108603.865735
2025-08-30 07:01:05,0.833210262345679,108283.0121,108516.07357000001
2025-08-30 08:02:23,0.8336832561728396,108491.0644,108437.472245
2025-08-30 09:02:16,0.8341453189300412,108574.5126,108331.59285500001
2025-08-30 10:02:55,0.8346132973251029,108584.5458,108295.646745
2025-08-30 11:02:58,0.835076646090535,108407.8002,108306.15370499999
2025-08-30 12:01:32,0.835528549382716,108690.6845,108319.802455
2025-08-30 13:02:01,0.8359952417695473,108604.4955,108316.819695
2025-08-30 14:02:26,0.8364614197530864,108489.9761,108314.69336
2025-08-30 15:02:34,0.8369254115226338,108696.3305,108344.34830499999
2025-08-30 16:05:52,0.8374138374485597,108828.8127,108368.007865
2025-08-30 17:06:16,0.8378798868312757,108853.5625,108425.881675
2025-08-30 18:02:25,0.8383131430041152,108784.6901,108442.79745499999
2025-08-30 19:02:11,0.8387743055555555,108831.0244,108470.92786999998
2025-08-30 20:02:15,0.8392377829218107,108824.1153,108495.351975
2025-08-30 21:02:30,0.8397026748971194,108634.1696,108514.73336999999
2025-08-30 22:02:17,0.8401639660493827,108582.2775,108559.359635
2025-08-30 23:02:29,0.8406284722222223,108541.9876,108596.74046
2025-08-31 00:01:31,0.8410839763374486,108781.9573,108613.69184000001
2025-08-31 01:02:00,0.8415506687242799,109321.6132,108657.60347
2025-08-31 02:01:57,0.8420132458847737,109453.2051,108712.99184999999
2025-08-31 03:00:42,0.8424665637860083,109204.0569,108759.04409000001
2025-08-31 04:02:43,0.8429450874485597,109176.7557,108793.328655
2025-08-31 05:01:41,0.8434000771604938,108801.6888,108804.68746500001
2025-08-31 06:02:43,0.8438710133744856,108726.0875,108811.76455
2025-08-31 07:00:59,0.8443206018518519,108714.5716,108827.10311999999
2025-08-31 08:02:44,0.8447970679012345,108706.4503,108827.89141
2025-08-31 09:02:36,0.8452590020576132,109005.6171,108847.94749
2025-08-31 10:01:49,0.845715920781893,108509.8225,108848.93980999998
2025-08-31 11:02:06,0.8461810699588478,108569.4079,108842.59368
2025-08-31 12:03:42,0.8466563786008231,108381.32,108820.219045
2025-08-31 13:00:48,0.8470969650205762,108323.515,108793.71667
2025-08-31 14:02:18,0.8475715020576132,108350.9831,108772.03132
2025-08-31 15:01:41,0.8480297067901235,108462.0768,108753.58394
2025-08-31 16:02:21,0.8484978137860082,108786.164,108751.686375
2025-08-31 17:00:37,0.8489474022633745,108949.1267,108767.43422999998
2025-08-31 18:01:11,0.849414737654321,108979.4863,108787.29467
2025-08-31 19:01:52,0.8498829732510288,109131.6794,108816.77926000001
2025-08-31 20:00:32,0.8503356481481481,108922.7307,108823.81792999999
2025-08-31 21:02:37,0.8508146862139918,109066.3666,108811.05559999999
2025-08-31 22:01:38,0.851270061728395,109026.2472,108789.707705
2025-08-31 23:02:10,0.8517371399176955,108867.7802,108772.89387
2025-09-01 00:01:24,0.8521941872427984,108253.3609,108726.72412999999
2025-09-01 01:00:12,0.8526478909465021,108320.5281,108702.666095
2025-09-01 02:02:30,0.8531286008230453,108163.5849,108674.54096500001
2025-09-01 03:02:20,0.8535902777777777,107556.1617,108616.62047
2025-09-01 04:02:26,0.854054012345679,107633.5749,108562.9767
2025-09-01 05:02:44,0.8545192901234568,107414.4423,108483.41795999999
2025-09-01 06:02:01,0.8549767232510288,107871.054,108451.479535
2025-09-01 07:02:49,0.8554458590534979,108078.8145,108426.949865
2025-09-01 08:02:19,0.8559049639917695,109681.7767,108491.9727
2025-09-01 09:00:30,0.8563539094650205,109587.9346,108555.19368
2025-09-01 10:02:13,0.8568301183127572,109486.0571,108611.94738
2025-09-01 11:02:39,0.8572964248971193,108458.7607,108611.781575
2025-09-01 12:03:15,0.857764017489712,108805.9271,108612.76973000001
2025-09-01 13:02:21,0.8582200360082305,109093.7598,108620.001385
2025-09-01 14:00:34,0.8586692386831276,109035.8431,108622.81922499998
2025-09-01 15:02:49,0.8591495627572017,109120.0018,108622.23534500001
2025-09-01 16:02:21,0.8596089248971194,108765.4756,108614.37259
2025-09-01 17:02:52,0.8600758744855967,108785.4395,108600.326235
2025-09-01 18:02:08,0.8605331790123457,108975.2806,108597.777905
2025-09-01 19:02:03,0.8609954989711934,109207.5178,108614.764785
2025-09-01 20:02:57,0.8614654063786008,109204.4273,108662.318105
2025-09-01 21:02:29,0.8619247685185185,108788.1369,108685.698545
2025-09-01 22:02:49,0.8623903034979424,107541.6585,108654.602225
2025-09-01 23:02:16,0.8628490226337449,108482.1133,108700.89980500001
2025-09-02 00:01:41,0.8633074845679012,109229.0145,108780.67178500001
2025-09-02 01:02:48,0.8637790637860082,108952.0869,108857.554015
2025-09-02 02:00:35,0.8642249228395061,109347.4382,108931.37322500002
2025-09-02 03:02:17,0.8647010030864197,110126.0261,109033.733805
2025-09-02 04:01:46,0.8651599794238684,110323.3499,109065.812465
2025-09-02 05:00:56,0.865616512345679,110282.9721,109100.56434
2025-09-02 06:01:47,0.8660860339506172,110199.6865,109136.24581
2025-09-02 07:02:46,0.8665565843621399,110380.8792,109232.351735
2025-09-02 08:02:20,0.8670162037037037,110240.9047,109304.100615
2025-09-02 09:02:42,0.8674819958847737,110501.8794,109374.506595
2025-09-02 10:02:34,0.8679439300411522,110323.5694,109438.89291000001
2025-09-02 11:02:50,0.868408950617284,110224.1877,109494.102205
2025-09-02 12:03:14,0.868875,109726.0087,109542.12886000001
2025-09-02 13:01:48,0.8693269032921811,108798.9523,109542.8045
2025-09-02 14:02:41,0.8697966820987655,111179.8592,109653.03343
2025-09-02 15:03:03,0.8702624742798354,111219.975,109753.65629
2025-09-02 16:02:53,0.8707241512345679,110752.342,109831.05202500001
2025-09-02 17:02:37,0.8711850565843622,110685.1491,109925.90263499999
2025-09-02 18:02:36,0.8716478909465021,110911.5875,110094.399085
2025-09-02 19:00:18,0.8720931069958848,110770.9017,110208.83850499999
2025-09-02 20:02:29,0.8725729166666667,110752.3035,110285.002955
2025-09-02 21:02:41,0.8730374228395061,111395.0417,110407.150695
2025-09-02 22:02:51,0.8735016718106996,111229.7454,110501.26605499999
2025-09-02 23:03:10,0.8739670781893004,111215.7396,110555.75172999999
2025-09-03 00:02:05,0.8744216820987655,111190.1821,110599.09333999999
2025-09-03 01:02:36,0.8748886316872428,111293.3302,110649.61124500001
2025-09-03 02:06:24,0.8753809156378601,111258.4397,110702.548905
2025-09-03 03:02:54,0.8758168724279836,111449.5878,110755.984335
2025-09-03 04:02:18,0.8762752057613169,111073.7644,110797.62732000001
2025-09-03 05:02:04,0.8767363683127573,111022.1311,110823.63990499999
2025-09-03 06:02:24,0.8772019032921811,110690.2781,110841.97533999998
2025-09-03 07:00:50,0.8776527777777777,110715.8476,110866.55833500002
2025-09-03 08:03:05,0.8781331018518519,111063.3105,110933.423425
2025-09-03 09:02:23,0.878590663580247,111048.5263,111045.902125
2025-09-03 10:01:38,0.8790478395061728,111220.7911,111047.94871999999
2025-09-03 11:01:34,0.8795102880658436,111429.015,111058.40072
2025-09-03 12:01:51,0.8799754372427984,111471.892,111094.37822
2025-09-03 13:01:07,0.8804327417695473,111114.7076,111115.856145
2025-09-03 14:02:08,0.8809035493827161,111613.0093,111150.927235
2025-09-03 15:02:18,0.8813677983539094,112237.3318,111224.24874000002
2025-09-03 16:02:35,0.8818329475308642,112291.2372,111301.195425
2025-09-03 17:01:45,0.8822894804526749,111862.0949,111324.54808499999
2025-09-03 18:02:13,0.8827560442386831,112380.3696,111382.07929499999
2025-09-03 19:02:42,0.8832227366255144,111946.4353,111418.61408
2025-09-03 20:01:42,0.8836779835390947,112156.2241,111466.91618000001
2025-09-03 21:01:43,0.8841410751028806,112230.1604,111513.75769
2025-09-03 22:02:36,0.884610853909465,111983.7084,111550.021125
2025-09-03 23:00:51,0.8850603137860082,111953.697,111575.22658500001
2025-09-04 00:02:12,0.8855336934156378,111751.6476,111609.120745
2025-09-04 01:02:30,0.8859989711934156,112072.7998,111661.65418
2025-09-04 02:02:39,0.886463091563786,111853.8823,111719.83439
2025-09-04 03:06:01,0.8869520318930041,111492.645,111758.67426
2025-09-04 04:02:06,0.8873847736625514,111177.6646,111764.391965
2025-09-04 05:02:17,0.8878491512345679,111127.4673,111768.339015
2025-09-04 06:01:39,0.8883072273662551,110686.9179,111741.645355
2025-09-04 07:01:57,0.8887725051440329,110409.5492,111690.672065
2025-09-04 08:01:17,0.8892303240740741,110505.55,111642.35496499999
2025-09-04 09:01:50,0.8896975308641976,110705.2636,111621.88276500002
2025-09-04 10:00:46,0.8901522633744856,110805.3971,111581.502155
2025-09-04 11:02:07,0.8906256430041152,110646.5304,111501.96208499998
2025-09-04 12:02:26,0.891091049382716,110846.3525,111429.71784999999
2025-09-04 13:02:04,0.891551183127572,110785.3691,111375.88156000001
2025-09-04 14:02:50,0.8920200617283951,110448.6992,111279.29804
2025-09-04 15:02:40,0.8924817386831275,109969.8104,111180.46679500001
2025-09-04 16:02:19,0.8929420010288066,109624.5502,111053.8831
2025-09-04 17:02:06,0.89340329218107,109497.7235,110917.26125499999
2025-09-04 18:01:55,0.8938648405349794,109803.0979,110808.23073
2025-09-04 19:02:32,0.894332561728395,110023.3145,110711.711605
2025-09-04 20:02:18,0.8947937242798354,109873.8931,110617.82388000001
2025-09-04 21:02:37,0.8952591306584362,110403.239,110534.34584
2025-09-04 22:02:18,0.8957196502057613,110542.4423,110468.77384
2025-09-04 23:01:18,0.8961748971193416,111490.5148,110468.66733
2025-09-05 00:02:23,0.8966462191358024,110752.0414,110447.38617
2025-09-05 01:02:10,0.8971075102880658,110546.3522,110418.330415
2025-09-05 02:02:10,0.8975704732510288,111123.1889,110440.14396500001
2025-09-05 03:01:08,0.8980254629629629,111365.1662,110487.92481499999
2025-09-05 04:01:49,0.8984936985596708,111320.9559,110528.69511
2025-09-05 05:02:29,0.8989618055555556,111443.8363,110565.62374499999
2025-09-05 06:02:29,0.8994247685185185,111562.7528,110603.49153
2025-09-05 07:01:50,0.8998827160493827,111900.941,110666.21206
2025-09-05 08:01:21,0.9003419495884774,112964.6876,110772.12881499999
2025-09-05 09:02:08,0.9008109567901235,112620.5118,110863.88595
2025-09-05 10:02:46,0.9012788065843621,112258.884,110954.39519
2025-09-05 11:01:05,0.9017287808641975,112259.7288,111068.89111
2025-09-05 12:01:53,0.9021979166666667,112361.2245,111205.724825
2025-09-05 13:01:41,0.902659336419753,113225.0002,111392.08866000001
2025-09-05 14:00:35,0.9031138117283951,113034.0322,111553.635375
2025-09-05 15:02:24,0.90359079218107,110514.162,111578.17774999999
2025-09-05 16:02:31,0.9040546553497942,110663.4512,111617.65565499998
2025-09-05 17:01:41,0.9045111882716049,110781.5918,111636.57329500001
2025-09-05 18:02:09,0.9049777520576132,110611.4146,111640.02190999998
2025-09-05 19:00:22,0.9054269547325103,111192.7216,111625.13225
2025-09-05 20:02:13,0.9059041923868313,111445.2502,111659.79269
2025-09-05 21:01:36,0.9063623971193415,111619.3862,111713.44438999999
2025-09-05 22:01:14,0.9068225308641975,110624.3095,111688.50041999998
2025-09-05 23:01:46,0.907289609053498,110813.8086,111660.93254
2025-09-06 00:01:45,0.9077524434156379,110656.309,111627.700195
2025-09-06 01:01:46,0.9082155349794239,110782.9681,111594.656785
2025-09-06 02:00:34,0.9086692386831275,110873.875,111560.212895
2025-09-06 03:00:04,0.9091283436213992,111103.4998,111520.340835
2025-09-06 04:01:28,0.9096021090534979,111070.9293,111425.65291999998
2025-09-06 05:02:29,0.9100729166666667,110856.4082,111337.44774
2025-09-06 06:02:30,0.9105360082304527,110725.912,111260.79914000002
2025-09-06 07:01:32,0.910991512345679,110772.8679,111186.456095
2025-09-06 08:00:18,0.9114449588477366,110817.2532,111109.25752999999
2025-09-06 09:01:42,0.9119187242798353,110948.4729,110995.431165
2025-09-06 10:06:12,0.9124164094650206,110697.4184,110878.60047500001
2025-09-06 11:02:05,0.9128476080246913,110766.6356,110891.22415499999
2025-09-06 12:05:43,0.9133386059670782,110770.0725,110896.55522000001
2025-09-06 13:01:36,0.9137698045267489,110833.0896,110899.13011
2025-09-06 14:02:41,0.9142411265432099,110944.9316,110915.80596
2025-09-06 15:02:18,0.9147011316872428,110832.3172,110897.78573999999
2025-09-06 16:02:46,0.915167695473251,110417.3503,110846.39074499998
2025-09-06 17:02:43,0.9156302726337449,110256.2491,110778.23389
2025-09-06 18:03:04,0.9160959362139918,110175.8657,110755.8117
2025-09-06 19:02:31,0.9165546553497942,110265.9758,110728.42006
2025-09-06 20:02:44,0.9170192901234568,110054.7733,110698.34327499999
2025-09-06 21:02:55,0.9174836676954733,110174.3337,110667.911555
2025-09-06 22:02:14,0.9179413580246913,110235.3037,110635.98299
2025-09-06 23:02:07,0.918403420781893,110175.2503,110589.570515
2025-09-07 00:02:17,0.9188676697530864,110223.834,110547.21575
2025-09-07 01:01:58,0.9193281893004115,110367.9095,110522.79081499999
2025-09-07 02:02:12,0.9197929526748971,110581.7431,110515.58236999999
2025-09-07 03:02:27,0.9202578446502058,110666.851,110510.281525
2025-09-07 04:02:46,0.9207232510288066,110619.1433,110500.37603000001
2025-09-07 05:02:15,0.9211822273662551,110563.5104,110481.12790499997
2025-09-07 06:01:39,0.9216405606995884,110660.4314,110479.278555
2025-09-07 07:06:26,0.9221404320987654,110523.2447,110467.10901000001
2025-09-07 08:00:25,0.922556970164609,110724.8929,110464.85003
2025-09-07 09:02:27,0.9230356224279835,111081.234,110477.25725
2025-09-07 10:01:47,0.9234934413580247,111120.6644,110486.04389
2025-09-07 11:02:40,0.9239632201646091,111233.7401,110506.115035
2025-09-07 12:02:11,0.9244224537037037,111280.1333,110549.25418500001
2025-09-07 13:02:14,0.9248858024691358,111116.1954,110592.25149999998
2025-09-07 14:00:44,0.9253371913580247,111202.503,110643.583365
2025-09-07 15:02:54,0.9258168724279835,111118.8028,110686.22471499999
2025-09-07 16:02:44,0.926278549382716,111347.4793,110750.86001500001
2025-09-07 17:02:06,0.9267366255144033,111201.3074,110802.2087
2025-09-07 18:00:47,0.9271894290123457,110968.9711,110838.89207000002
2025-09-07 19:01:36,0.9276586934156379,111057.5597,110883.00753999999
2025-09-07 20:02:33,0.9281289866255144,111232.348,110933.43324
2025-09-07 21:02:11,0.9285891203703703,111325.7741,110981.32647000001
2025-09-07 22:05:31,0.9290778034979423,111096.4317,111007.06090000001
2025-09-07 23:02:14,0.9295154320987654,111271.5073,111037.29371499999
2025-09-08 00:02:07,0.929977494855967,111133.0927,111062.99118499998
2025-09-08 01:01:38,0.9304367283950618,110836.314,111076.63136500001
2025-09-08 02:02:40,0.9309076646090535,110858.3673,111086.52816000002
2025-09-08 03:02:16,0.9313675411522634,111245.9381,111122.66283
2025-09-08 05:02:07,0.9322923096707819,110952.3756,111134.036965
2025-09-08 06:01:40,0.9327518004115226,111020.7412,111131.01232499999
2025-09-08 07:02:31,0.9332213220164609,111150.0833,111132.48327000001
2025-09-08 08:03:11,0.9336894290123456,111249.9672,111133.29462500001
2025-09-08 09:02:09,0.9341444187242799,111630.3204,111150.80398
2025-09-08 10:01:05,0.9345991512345679,112045.7177,111197.28009500001
2025-09-08 11:01:59,0.9350690586419753,112019.4001,111238.12495000001
2025-09-08 12:02:32,0.9355362654320988,112071.3694,111285.75327999999
2025-09-08 13:01:22,0.9359902263374485,112024.4476,111319.60169499999
2025-09-08 14:02:36,0.9364627057613168,111996.2669,111359.34967
2025-09-08 15:02:18,0.936923353909465,112489.1441,111435.35832
2025-09-08 16:04:02,0.9373996913580247,112601.6376,111512.562215
2025-09-08 17:02:50,0.9378533950617284,112434.737,111572.681665
2025-09-08 18:01:44,0.9383078703703703,112206.363,111616.71110999999
2025-09-08 19:02:46,0.9387788065843622,112456.2342,111684.701235
2025-09-08 20:02:28,0.9392394547325102,112067.347,111724.49321999999
2025-09-08 21:02:48,0.9397049897119342,112025.1686,111769.09701499999
2025-09-08 22:02:49,0.9401680812757202,112273.0421,111840.93341999999
2025-09-08 23:02:34,0.9406291152263374,112223.0366,111909.166885
2025-09-09 00:00:42,0.9410776748971194,112025.1288,111948.12642000002
2025-09-09 01:02:25,0.9415538837448559,111652.0714,111983.11121
2025-09-09 02:00:32,0.9420023148148148,111407.0907,112002.428685
2025-09-09 03:02:49,0.9424828960905349,111287.1489,112009.281965
2025-09-09 04:02:39,0.9429445730452675,111702.9747,112031.93234000001
2025-09-09 05:02:26,0.9434058641975309,112028.6081,112051.846725
2025-09-09 06:01:56,0.9438649691358024,112140.7731,112056.599495
2025-09-09 07:02:58,0.9443359053497943,113112.942,112111.27659
2025-09-09 08:02:03,0.9447917952674897,113070.3185,112161.22404500001
2025-09-09 09:03:15,0.9452640174897119,112951.8697,112207.59515
2025-09-09 10:02:53,0.9457241512345679,112921.3146,112253.847535
2025-09-09 11:06:41,0.9462164351851852,112717.2788,112265.25427
2025-09-09 12:00:40,0.9466329732510288,112500.5274,112260.19876000001
2025-09-09 13:01:58,0.9471059670781893,112676.6968,112272.29675000001
2025-09-09 14:01:28,0.9475650720164609,112774.892,112300.72320000001
2025-09-09 15:02:25,0.9480353652263375,111729.8155,112264.402265
2025-09-09 16:02:18,0.9484974279835391,110870.2265,112204.54624000001
2025-09-09 17:02:20,0.9489606481481482,110976.0127,112152.088445
2025-09-09 18:01:50,0.9494197530864198,111031.5456,112090.01362000001
2025-09-09 19:06:24,0.9499179526748971,111145.9675,112036.16016499998
2025-09-09 20:01:51,0.9503458076131687,111319.253,112000.86637500001
2025-09-09 21:02:28,0.9508135288065843,111359.1959,111986.22260000001
2025-09-09 22:01:36,0.9512698045267489,111301.7514,111980.95563499999
2025-09-09 23:02:13,0.9517375257201646,111518.1012,111992.50325
2025-09-10 00:01:58,0.9521985596707819,111521.5442,111983.43172499999
2025-09-10 01:02:21,0.9526644804526749,111062.1117,111935.10690500001
2025-09-10 02:01:45,0.9531228137860083,111023.0996,111879.22323
2025-09-10 03:00:35,0.953576774691358,111397.5507,111793.453665
2025-09-10 04:02:20,0.9540532407407407,111525.9271,111716.23409499999
2025-09-10 05:01:39,0.9545109310699589,111521.6911,111644.725165
2025-09-10 06:01:44,0.954974537037037,111567.4028,111577.02957500001
2025-09-10 08:02:39,0.9559075360082304,112528.4483,111567.58804999999
2025-09-10 09:02:37,0.9563702417695473,112363.7001,111560.74668499999
2025-09-10 10:04:31,0.9568478652263375,112249.7799,111539.40083999999
2025-09-10 11:01:35,0.9572881944444445,112321.2219,111516.71733500001
2025-09-10 12:02:35,0.9577588734567901,112255.3241,111542.992765
2025-09-10 13:01:50,0.9582160493827161,113426.4488,111670.80387999999
2025-09-10 14:03:27,0.9586914866255144,113934.3967,111818.72307999998
2025-09-10 15:02:56,0.9591504629629629,113891.1884,111961.70522
2025-09-10 16:02:47,0.9596122685185186,113903.9533,112099.60451
2025-09-10 17:02:45,0.9600749742798353,113672.2144,112217.25258
2025-09-10 18:02:41,0.9605374228395062,113734.633,112336.024435
2025-09-10 19:02:33,0.9609993569958848,113592.0165,112450.53769
2025-09-10 20:02:38,0.961462962962963,113402.8456,112544.77491000001
2025-09-10 21:02:43,0.9619265689300411,113625.8203,112649.98871500001
2025-09-10 22:02:37,0.9623887602880659,113885.3051,112791.148385
2025-09-10 23:02:16,0.9628490226337448,113935.5975,112936.77328000001
2025-09-11 00:02:24,0.9633130144032922,114000.1209,113066.90179
2025-09-11 01:02:22,0.9637757201646091,113898.8852,113185.54969500001
2025-09-11 02:01:57,0.9642354681069959,113925.2467,113305.727475
2025-09-11 03:01:16,0.964693158436214,113851.6854,113419.94160499999
2025-09-11 04:01:45,0.9651598508230452,114419.6276,113514.50057
2025-09-11 05:01:42,0.9656224279835391,114167.9338,113604.71225499999
2025-09-11 06:01:38,0.9660848765432098,114273.23,113705.88476
2025-09-11 07:02:56,0.9665578703703703,114409.3605,113810.29168999998
2025-09-11 08:02:31,0.9670176183127572,114077.0705,113901.37901
2025-09-11 09:02:30,0.9674804526748971,114055.5442,113932.83378000002
2025-09-11 10:00:58,0.9679315843621399,113916.237,113931.925795
2025-09-11 11:02:33,0.9684067644032922,114074.8806,113941.110405
2025-09-11 12:00:44,0.9688557098765432,114016.7833,113946.751905
2025-09-11 13:00:11,0.9693144290123457,114045.2431,113965.40334
2025-09-11 14:02:47,0.9697974537037037,114181.763,113987.75984
2025-09-11 15:02:16,0.9702564300411523,114499.2948,114033.123755
2025-09-11 16:02:38,0.9707222222222223,114136.7963,114069.82128999999
2025-09-11 17:00:16,0.9711669238683127,114499.5233,114113.50644
2025-09-11 18:02:17,0.9716454475308642,114546.6291,114146.57264
2025-09-11 19:01:46,0.9721044238683128,114309.8261,114165.28407000001
2025-09-11 20:02:34,0.9725735596707819,114435.8891,114187.07248
2025-09-11 21:02:41,0.9730374228395062,114402.3486,114212.24565000001
2025-09-11 22:02:36,0.9734997427983539,114531.9777,114242.58219999999
2025-09-11 23:02:35,0.9739625771604938,115251.545,114312.57518000001
2025-09-12 00:02:11,0.9744224537037037,115503.1666,114366.75213
2025-09-12 01:00:47,0.9748746141975309,116083.0268,114462.50678000001
2025-09-12 02:02:39,0.9753519804526749,115541.4375,114525.917155
2025-09-12 03:02:20,0.9758125,115321.703,114571.53428000002
2025-09-12 04:02:23,0.976275848765432,115198.0469,114627.5831
2025-09-12 05:02:00,0.976735853909465,115430.8854,114696.35016
2025-09-12 06:02:47,0.9772048611111112,115656.413,114783.35896000001
2025-09-12 07:03:05,0.9776701388888889,115339.6535,114846.59760499999
2025-09-12 08:02:37,0.9781295010288066,115143.9206,114902.95447000003
2025-09-12 09:02:44,0.9785933641975308,115090.5173,114955.21818000001
2025-09-12 10:02:30,0.9790545267489712,114977.797,114995.01987999999
2025-09-12 11:02:25,0.9795168467078189,114970.8766,115018.59897
2025-09-12 12:01:16,0.9799709362139918,114944.7933,115058.99882000001
2025-09-12 13:02:51,0.980446116255144,115175.7456,115092.809935
2025-09-12 14:02:39,0.9809075360082304,115182.6351,115124.610235
2025-09-12 15:01:11,0.9813591820987654,115285.8263,115173.41024499999
2025-09-12 16:01:27,0.9818242026748971,115142.9159,115208.761585
2025-09-12 17:02:23,0.9822943672839506,115501.5331,115263.72081
2025-09-12 18:02:48,0.9827605452674897,115870.5434,115330.649095
2025-09-12 19:02:23,0.9832202932098766,116488.1304,115392.47836500002
2025-09-12 20:03:27,0.9836914866255144,116704.7149,115452.55578000001
2025-09-12 21:01:43,0.9841410751028806,116206.1381,115458.711345
2025-09-12 22:00:21,0.984593492798354,115951.315,115479.20522
2025-09-12 23:02:39,0.9850742026748971,116094.9863,115517.869385
2025-09-13 00:02:30,0.9855360082304526,116160.1434,115565.97420999999
2025-09-13 01:02:40,0.9860002572016461,116299.9057,115609.42522499998
2025-09-13 02:02:30,0.9864619341563786,115817.7876,115617.493955
2025-09-13 03:01:48,0.9869194958847737,115929.7107,115646.996815
2025-09-13 04:02:59,0.9873915895061728,115987.1316,115689.15736499999
2025-09-13 05:02:06,0.9878477366255144,115761.0262,115722.68280999998
2025-09-13 06:02:31,0.9883139146090535,115744.3539,115761.01065500002
2025-09-13 07:03:11,0.9887820216049382,115790.532,115801.993425
2025-09-13 08:01:56,0.9892353395061728,115828.3805,115846.17278499999
2025-09-13 09:02:35,0.9897033179012346,116027.1241,115888.74171
2025-09-13 10:02:14,0.9901635802469135,116073.3506,115933.277485
2025-09-13 11:02:43,0.9906302726337448,116017.5196,115969.86215000002
2025-09-13 12:02:12,0.9910892489711934,116020.6671,116013.74971
2025-09-13 13:01:37,0.9915477109053498,116060.8342,116041.714765
2025-09-13 14:02:14,0.9920154320987654,115768.3212,116036.60365500001
2025-09-13 15:01:42,0.9924742798353909,115842.8482,116004.339545
2025-09-13 16:02:52,0.992946244855967,115784.1067,115958.30913499999
2025-09-13 17:02:46,0.9934084362139918,115342.8141,115915.14293499998
2025-09-13 18:02:54,0.9938724279835391,115567.6564,115895.960005
2025-09-13 19:02:05,0.9943290895061728,115688.7349,115875.647435
2025-09-13 20:01:54,0.9947906378600823,115837.6287,115859.5217
2025-09-13 21:02:37,0.9952591306584362,115975.6067,115843.30675000002
2025-09-13 22:03:07,0.9957259516460906,115902.8009,115847.557415
2025-09-13 23:02:14,0.9961820987654321,115914.677,115846.80573
